Year,Rank,"Pos
Rank",,Player,,,,,,,,
2015,1,1,1.1,"Cooper, Amari (OAK, WR)® (R1)",19,18.25,16,25,"16, 17, 18, 19, 19, 25 (6)","Feb: 28.67, Mar: 27.00, Apr: 21.83, May: 21.50, Jun: 19.50, Jul: 17.33, Aug: 19.00",,
2015,2,1,1.2,"Gurley, Todd (STL, RB)® (R2)",21.67,21.5,16,28,"16, 17, 21, 22, 26, 28 (6)","Feb: 25.00, Mar: 22.50, Apr: 22.83, May: 22.83, Jun: 21.83, Jul: 21.00, Aug: 21.67",,
2015,3,2,1.3,"Gordon, Melvin (SDC, RB)® (R3)",29.67,30,25,33,"25, 26, 29, 32, 33, 33 (6)","Feb: 32.17, Mar: 32.83, Apr: 35.67, May: 31.00, Jun: 27.50, Jul: 29.00, Aug: 29.67",,
2015,4,2,1.4,"White, Kevin (CHI, WR)® (R4)",30.83,30.5,26,37,"26, 28, 29, 31, 34, 37 (6)","Feb: 41.67, Mar: 32.50, Apr: 29.17, May: 27.83, Jun: 28.67, Jul: 30.00, Aug: 30.83",,
2015,5,3,1.5,"Parker, DeVante (MIA, WR)® (R5)",36.5,36.75,30,42,"30, 32, 36, 39, 40, 42 (6)","Feb: 37.33, Mar: 43.17, Apr: 38.83, May: 40.50, Jun: 32.83, Jul: 34.17, Aug: 36.50",,
2015,6,4,1.6,"Agholor, Nelson (PHI, WR)® (R6)",42.67,40.75,37,56,"37, 37, 37, 41, 48, 56 (6)","Feb: 133.50, Mar: 132.00, Apr: 107.17, May: 57.17, Jun: 44.17, Jul: 42.67, Aug: 42.67",,
2015,7,3,1.7,"Yeldon, T.J. (JAC, RB)® (R7)",41,43.25,26,47,"26, 41, 43, 43, 46, 47 (6)","Feb: 73.00, Mar: 78.60, Apr: 69.83, May: 55.67, Jun: 46.33, Jul: 46.00, Aug: 41.00",,
2015,8,4,1.8,"Abdullah, Ameer (DET, RB)® (R8)",49.5,49.5,42,57,"42, 44, 47, 52, 55, 57 (6)","Feb: 100.50, Mar: 95.60, Apr: 85.83, May: 67.67, Jun: 58.00, Jul: 53.17, Aug: 49.50",,
2015,9,5,1.9,"Perriman, Breshad (BAL, WR)® (R9)",50,51.75,38,55,"38, 49, 52, 53, 53, 55 (6)","Feb: 191.67, Mar: 137.00, Apr: 76.83, May: 65.83, Jun: 51.83, Jul: 51.50, Aug: 50.00",,
2015,10,6,1.1,"Green-Beckham, Dorial (TEN, WR)® (R10)",56.67,57.75,44,65,"44, 56, 58, 58, 59, 65 (6)","Feb: 47.67, Mar: 45.83, Apr: 45.33, May: 47.00, Jun: 50.17, Jul: 56.33, Aug: 56.67",,
2015,11,5,1.11,"Coleman, Tevin (ATL, RB)® (R11)",66.33,67.25,51,78,"51, 59, 67, 71, 72, 78 (6)","Feb: 80.50, Mar: 86.00, Apr: 84.17, May: 62.00, Jun: 69.17, Jul: 63.50, Aug: 66.33",,
2015,12,6,1.12,"Johnson, Duke (CLE, RB)® (R12)",75.5,75.25,63,89,"63, 73, 74, 76, 78, 89 (6)","Feb: 71.00, Mar: 85.00, Apr: 78.67, May: 77.83, Jun: 86.17, Jul: 79.00, Aug: 75.50",,
2015,13,7,2.1,"Dorsett, Phillip (IND, WR)® (R13)",80.67,79,61,107,"61, 73, 80, 81, 82, 107 (6)","Feb: 177.67, Mar: 158.00, Apr: 147.83, May: 106.50, Jun: 84.83, Jul: 73.33, Aug: 80.67",,
2015,14,8,2.2,"Funchess, Devin (CAR, WR)® (R14)",87.17,86.25,76,102,"76, 80, 85, 86, 94, 102 (6)","Feb: 69.00, Mar: 72.50, Apr: 94.33, May: 84.83, Jun: 91.67, Jul: 88.50, Aug: 87.17",,
2015,15,7,2.3,"Ajayi, Jay (MIA, RB)® (R15)",96.67,99.5,60,122,"60, 84, 95, 98, 121, 122 (6)","Feb: 72.17, Mar: 58.67, Apr: 59.00, May: 83.50, Jun: 85.00, Jul: 85.33, Aug: 96.67",,
2015,16,8,2.4,"Johnson, David (ARI, RB)® (R16)",101.33,102.75,86,111,"86, 97, 103, 103, 108, 111 (6)","Feb: 197.50, Mar: 124.67, Apr: 129.33, May: 106.83, Jun: 103.17, Jul: 99.33, Aug: 101.33",,
2015,17,9,2.5,"Strong, Jaelen (HOU, WR)® (R17)",102.67,103.5,88,114,"88, 98, 100, 104, 112, 114 (6)","Feb: 70.67, Mar: 65.17, Apr: 64.33, May: 73.83, Jun: 82.67, Jul: 95.83, Aug: 102.67",,
2015,18,1,2.6,"Winston, Jameis (TBB, QB)® (R18)",107,106.25,94,123,"94, 100, 104, 106, 115, 123 (6)","Feb: 123.33, Mar: 98.00, Apr: 118.83, May: 95.33, Jun: 93.17, Jul: 105.50, Aug: 107.00",,
2015,19,2,2.7,"Mariota, Marcus (TEN, QB)® (R19)",117.17,116.75,108,128,"108, 114, 114, 115, 124, 128 (6)","Feb: 103.33, Mar: 116.25, Apr: 126.50, May: 119.67, Jun: 130.67, Jul: 112.83, Aug: 117.17",,
2015,20,1,2.8,"Williams, Maxx (BAL, TE)® (R20)",119.67,117,107,143,"107, 110, 113, 115, 130, 143 (6)","Feb: 97.00, Mar: 103.40, Apr: 108.83, May: 112.50, Jun: 112.83, Jul: 120.50, Aug: 119.67",,
2015,21,9,2.9,"Cobb, David (TEN, RB)® (R21)",119.5,120,107,130,"107, 113, 119, 124, 124, 130 (6)","Feb: 125.50, Mar: 134.00, Apr: 116.50, May: 110.00, Jun: 113.17, Jul: 107.17, Aug: 119.50 ( 12 )",,
2015,22,10,2.1,"Jones, Matt (WAS, RB)® (R22)",124.67,124.5,118,132,"118, 120, 120, 127, 131, 132 (6)","Apr: 229.00, May: 185.50, Jun: 127.00, Jul: 116.17, Aug: 124.67",,
2015,23,10,2.11,"Lockett, Tyler (SEA, WR)® (R23)",128.17,129.25,100,152,"100, 114, 123, 135, 145, 152 (6)","Feb: 194.83, Mar: 179.00, Apr: 164.33, May: 128.67, Jun: 139.67, Jul: 143.50, Aug: 128.17 ( 15 )",,
2015,24,11,2.12,"Allen, Javorius (BAL, RB)® (R24)",124.5,129.75,89,139,"89, 120, 126, 136, 137, 139 (6)","Feb: 176.83, Mar: 163.00, Apr: 202.67, May: 153.50, Jun: 129.83, Jul: 125.00, Aug: 124.50",,
2015,25,11,3.1,"Conley, Chris (KCC, WR)® (R25)",127.33,139,65,143,"65, 136, 138, 141, 141, 143 (6)","Mar: 123.00, Apr: 140.00, May: 140.50, Jun: 139.00, Jul: 138.83, Aug: 127.33",,
2015,26,12,3.2,"Artis-Payne, Cameron (CAR, RB)® (R26)",141.33,141.25,130,153,"130, 136, 138, 139, 152, 153 (6)","Feb: 236.00, Apr: 202.00, May: 190.33, Jun: 165.17, Jul: 142.17, Aug: 141.33",,
2015,27,12,3.3,"Smith, Devin (NYJ, WR)® (R27)",141.17,142.25,116,162,"116, 138, 142, 144, 145, 162 (6)","Feb: 150.83, Mar: 148.50, Apr: 143.17, May: 127.33, Jun: 132.50, Jul: 137.67, Aug: 141.17",,
2015,28,13,3.4,"Coates, Sammie (PIT, WR)® (R28)",142.67,144,126,154,"126, 128, 146, 151, 151, 154 (6)","Feb: 90.83, Mar: 111.40, Apr: 115.67, May: 138.17, Jun: 135.33, Jul: 142.00, Aug: 142.67",,
2015,29,14,3.5,"Hardy, Justin (ATL, WR)® (R29)",147.67,147.5,135,161,"135, 135, 146, 154, 155, 161 (6)","Feb: 180.40, Mar: 158.50, Apr: 182.50, May: 168.17, Jun: 161.50, Jul: 153.83, Aug: 147.67",,
2015,30,13,3.6,"Davis, Mike (SFO, RB)® (R30)",163.33,163.5,150,176,"150, 160, 162, 163, 169, 176 (6)","Feb: 106.67, Mar: 143.00, Apr: 148.00, May: 152.00, Jun: 153.00, Jul: 151.17, Aug: 163.33 ( 12 )",,
2015,31,14,3.7,"Robinson, Josh (IND, RB)® (R31)",170.5,169.25,159,187,"159, 161, 167, 171, 178, 187 (6)","Feb: 156.17, Mar: 153.00, Apr: 170.17, May: 158.83, Jun: 159.17, Jul: 147.00, Aug: 170.50 ( 24 )",,
2015,32,15,3.8,"Diggs, Stefon (MIN, WR)® (R32)",174,172.75,161,192,"161, 166, 166, 179, 180, 192 (6)","Feb: 136.00, Mar: 125.33, Apr: 143.33, May: 162.50, Jun: 173.67, Jul: 186.00, Aug: 174.00",,
2015,33,16,3.9,"Bell, Kenny (TBB, WR)® (R33)",171.5,174.75,137,193,"137, 159, 164, 184, 192, 193 (6)","Feb: 204.00, Apr: 179.67, May: 195.00, Jun: 170.83, Jul: 159.00, Aug: 171.50 ( 13 )",,
2015,34,17,3.1,"Smelter, DeAndre (SFO, WR)® (R34)",173.83,179,135,192,"135, 174, 177, 180, 185, 192 (6)","Feb: 231.00, Apr: 215.00, May: 187.83, Jun: 161.17, Jul: 168.33, Aug: 173.83",,
2015,35,15,3.11,"Dyer, Michael (FA, RB)® (R35)",182.5,182.5,178,187,"178, 187 (2)","Apr: 213.67, Aug: 182.50",,
2015,36,16,3.12,"Langford, Jeremy (CHI, RB)® (R36)",187,185,175,205,"175, 176, 179, 200, 205 (5)","Feb: 196.60, Mar: 160.00, Apr: 188.33, May: 168.33, Jun: 180.50, Jul: 173.33, Aug: 187.00 ( 14 )",,
2015,37,2,4.1,"Walford, Clive (OAK, TE)® (R37)",186.8,187.67,145,226,"145, 175, 190, 198, 226 (5)","Feb: 219.67, Apr: 213.25, May: 192.00, Jun: 177.00, Jul: 189.50, Aug: 186.80",,
2015,38,18,4.2,"McBride, Tre (TEN, WR)® (R38)",185.2,188,137,225,"137, 183, 188, 193, 225 (5)","Apr: 161.50, May: 175.67, Jun: 177.33, Jul: 180.50, Aug: 185.20",,
2015,39,19,4.3,"Carter, Duron (IND, WR)® (R39)",199.8,200.67,170,227,"170, 184, 194, 224, 227 (5)","Feb: 102.50, Mar: 107.00, Apr: 142.00, May: 181.20, Jun: 188.33, Jul: 203.17, Aug: 199.80",,
2015,40,3,4.4,"Pruitt, MyCole (MIN, TE)® (R40)",201.67,201.67,180,216,"180, 209, 216 (3)","May: 225.00, Aug: 201.67",,
2015,41,17,4.5,"Williams, Karlos (BUF, RB)® (R41)",207,207,189,232,"189, 191, 216, 232 (4)","Feb: 218.67, Mar: 194.00, Apr: 205.20, May: 225.40, Jun: 208.60, Jul: 226.25, Aug: 207.00 ( 19 )",,
2015,42,18,4.6,"Zenner, Zach (DET, RB)® (R42)",212.25,212.25,182,227,"182, 217, 223, 227 (4)","Apr: 234.00, May: 200.00, Jun: 191.17, Jul: 205.40, Aug: 212.25",,
2015,43,20,4.7,"Greene, Rashad (JAC, WR)® (R43)",214.33,214.33,186,232,"186, 225, 232 (3)","Feb: 182.33, Mar: 204.00, Apr: 187.33, May: 200.17, Jun: 190.80, Jul: 216.33, Aug: 214.33",,
2015,44,21,4.8,"Waller, Darren (BAL, WR)® (R44)",218,218,207,229,"207, 229 (2)","May: 215.83, Jun: 186.40, Jul: 209.60, Aug: 218.00",,
2015,45,19,4.9,"Rawls, Thomas (SEA, RB)® (R45)",223,223,217,229,"217, 223, 229 (3)","Jun: 187.00, Jul: 211.00, Aug: 223.00",,
2015,46,22,4.1,"Montgomery, Ty (GBP, WR)® (R46)",222,225,198,237,"198, 208, 231, 236, 237 (5)","Apr: 217.50, May: 219.40, Jun: 199.00, Jul: 212.00, Aug: 222.00",,
2015,47,23,4.11,"Crowder, Jamison (WAS, WR)® (R47)",225,225,211,239,"211, 239 (2)","Feb: 225.67, Mar: 219.00, Apr: 218.25, Jul: 238.00, Aug: 225.00 ( 13 )",,
2015,48,24,4.12,"Mayle, Vince (CLE, WR)® (R48)",232,232,232,232,232 (1),"Feb: 182.67, Mar: 187.00, Apr: 233.33, May: 225.20, Jun: 212.00, Jul: 221.40, Aug: 232.00",,
2016,1,1,1.1,"Elliott, Ezekiel (DAL, RB, Age: 21)® (R1)",12.67,12.75,10,15,"10, 11, 11, 14, 15, 15 (6)","Feb: 28.67, Mar: 26.29, Apr: 19.67, May: 16.00, Jun: 9.67, Jul: 11.67, Aug: 12.67, Sep: 8.17, Oct: 10.83, Nov: 7.00",,
2016,2,1,1.2,"Treadwell, Laquon (MIN, WR, Age: 21)® (R2)",27.17,26.75,23,33,"23, 24, 26, 28, 29, 33 (6)","Feb: 27.78, Mar: 27.71, Apr: 30.50, May: 31.57, Jun: 23.50, Jul: 27.17, Aug: 27.17, Sep: 38.33, Oct: 41.83, Nov: 51.50",,
2016,3,2,1.3,"Coleman, Corey (CLE, WR, Age: 22)® (R3)",33.67,34,25,41,"25, 30, 30, 35, 41, 41 (6)","Feb: 59.33, Mar: 57.71, Apr: 44.33, May: 38.71, Jun: 34.17, Jul: 33.50, Aug: 33.67, Sep: 36.00, Oct: 26.33, Nov: 25.75",,
2016,4,3,1.4,"Doctson, Josh (WAS, WR)® (R4)",41.17,41.5,35,46,"35, 38, 41, 43, 44, 46 (6)","Feb: 57.00, Mar: 48.00, Apr: 38.33, May: 38.71, Jun: 39.00, Jul: 41.33, Aug: 41.17, Sep: 47.33, Oct: 47.67, Nov: 51.25",,
2016,5,4,1.5,"Shepard, Sterling (NYG, WR)® (R5)",47,46.75,43,52,"43, 44, 46, 48, 49, 52 (6)","Feb: 74.78, Mar: 76.67, Apr: 70.67, May: 53.43, Jun: 50.50, Jul: 50.33, Aug: 47.00, Sep: 45.50, Oct: 31.50, Nov: 38.25",,
2016,6,5,1.6,"Thomas, Michael (NOS, WR, Age: 22)® (R6)",56.83,56,48,69,"48, 52, 53, 57, 62, 69 (6)","Feb: 59.44, Mar: 67.67, Apr: 67.00, May: 62.14, Jun: 60.50, Jul: 63.67, Aug: 56.83, Sep: 59.50, Oct: 50.17, Nov: 30.50 ( 20 )",,
2016,7,2,1.7,"Henry, Derrick (TEN, RB, Age: 22)® (R7)",81.83,80.25,72,98,"72, 74, 80, 81, 86, 98 (6)","Feb: 65.44, Mar: 65.00, Apr: 72.67, May: 63.57, Jun: 62.50, Jul: 71.33, Aug: 81.83, Sep: 63.83, Oct: 59.33, Nov: 48.25",,
2016,8,6,1.8,"Fuller, Will (HOU, WR, Age: 22)® (R8)",84.4,80.67,70,110,"70, 73, 77, 92, 110 (5)","Feb: 85.22, Mar: 86.75, Apr: 93.67, May: 85.14, Jun: 90.67, Jul: 92.67, Aug: 84.40, Sep: 76.67, Oct: 37.67, Nov: 39.25",,
2016,9,7,1.9,"Carroo, Leonte (MIA, WR, Age: 22)® (R9)",85.5,87.75,68,94,"68, 80, 89, 91, 91, 94 (6)","Feb: 94.44, Mar: 82.00, Apr: 70.33, May: 93.71, Jun: 82.17, Jul: 94.83, Aug: 85.50, Sep: 95.00, Oct: 120.50, Nov: 112.25",,
2016,10,8,1.1,"Boyd, Tyler (CIN, WR, Age: 22)® (R10)",87.17,84.75,75,109,"75, 79, 81, 89, 90, 109 (6)","Feb: 47.11, Mar: 65.86, Apr: 93.67, May: 79.00, Jun: 84.50, Jul: 89.83, Aug: 87.17, Sep: 73.00, Oct: 83.50, Nov: 105.25 ( 22 )",,
2016,11,3,1.11,"Prosise, C.J. (SEA, RB, Age: 22)® (R11)",93.8,93.33,91,98,"91, 93, 93, 94, 98 (5)","Feb: 150.56, Mar: 130.50, Apr: 118.00, May: 108.29, Jun: 92.67, Jul: 97.00, Aug: 93.80, Sep: 117.67, Oct: 124.67, Nov: 101.00 ( 24 )",,
2016,12,4,1.12,"Dixon, Kenneth (BAL, RB, Age: 22)® (R12)",100.6,101.33,94,105,"94, 98, 101, 105, 105 (5)","Feb: 101.22, Mar: 94.00, Apr: 84.67, May: 82.43, Jun: 76.00, Jul: 82.83, Aug: 100.60, Sep: 108.67, Oct: 82.17, Nov: 98.00 ( 16 )",,
2016,13,5,2.1,"Booker, Devontae (DEN, RB, Age: 24)® (R13)",109,109,92,118,"92, 110, 116, 118 (4)","Feb: 122.00, Mar: 126.00, Apr: 103.33, May: 103.14, Jun: 102.33, Jul: 108.00, Aug: 109.00, Sep: 101.33, Oct: 109.67, Nov: 61.25 ( 48 )",,
2016,14,6,2.2,"Washington, DeAndre (OAK, RB, Age: 23)® (R14)",121.25,121.25,103,138,"103, 116, 128, 138 (4)","May: 177.67, Jun: 142.33, Jul: 128.83, Aug: 121.25, Sep: 121.33, Oct: 120.67, Nov: 140.00 ( 19 )",,
2016,15,7,2.3,"Perkins, Paul (NYG, RB, Age: 22)® (R15)",129,129,110,151,"110, 126, 151 (3)","Feb: 137.00, Mar: 125.00, Apr: 151.00, May: 120.86, Jun: 115.33, Jul: 133.33, Aug: 129.00, Sep: 135.67, Oct: 125.17, Nov: 116.75",,
2016,16,9,2.4,"Mitchell, Malcolm (NEP, WR, Age: 23)® (R16)",129,129,90,168,"90, 168 (2)","Feb: 194.00, Mar: 175.50, Apr: 153.00, May: 152.14, Jun: 133.67, Jul: 137.00, Aug: 129.00, Sep: 130.83, Oct: 130.50, Nov: 157.00 ( 27 )",,
2016,17,8,2.5,"Smallwood, Wendell (PHI, RB, Age: 22)® (R17)",130.33,130.33,120,142,"120, 129, 142 (3)","Apr: 209.00, May: 176.14, Jun: 138.17, Jul: 139.67, Aug: 130.33, Sep: 170.50, Oct: 131.50, Nov: 169.75 ( 38 )",,
2016,18,9,2.6,"Howard, Jordan (CHI, RB, Age: 22)® (R18)",133,133,121,149,"121, 129, 149 (3)","Feb: 155.22, Mar: 148.50, Apr: 144.83, May: 128.14, Jun: 125.33, Jul: 132.67, Aug: 133.00, Sep: 141.33, Oct: 87.17, Nov: 62.25 ( 25 )",,
2016,19,10,2.7,"Ferguson, Josh (IND, RB)® (R19)",133,133,113,167,"113, 119, 167 (3)","Feb: 180.83, Mar: 222.00, Apr: 208.00, May: 202.43, Jun: 170.83, Jul: 182.67, Aug: 133.00, Sep: 209.17, Oct: 182.17, Nov: 227.00 ( 45 )",,
2016,20,11,2.8,"Williams, Jonathan (BUF, RB, Age: 22)® (R20)",138.5,138.5,125,152,"125, 152 (2)","Feb: 185.75, Mar: 169.00, Apr: 148.40, May: 162.86, Jun: 154.67, Jul: 167.17, Aug: 138.50, Sep: 161.17, Oct: 168.33, Nov: 195.75 ( 27 )",,
2016,21,10,2.9,"Sharpe, Tajae (TEN, WR, Age: 21)® (R21)",144.33,144.33,124,158,"124, 151, 158 (3)","Feb: 148.11, Mar: 143.00, Apr: 159.00, May: 177.33, Jun: 135.83, Jul: 140.33, Aug: 144.33, Sep: 79.67, Oct: 72.67, Nov: 126.50 ( 54 )",,
2016,22,11,2.1,"Miller, Braxton (HOU, WR, Age: 23)® (R22)",153.5,153.5,145,162,"145, 162 (2)","Feb: 112.11, Mar: 114.67, Apr: 120.67, May: 126.00, Jun: 138.33, Jul: 162.33, Aug: 153.50, Sep: 133.00, Oct: 154.50, Nov: 191.00 ( 37 )",,
2016,23,1,2.11,"Henry, Hunter (SDC, TE, Age: 21)® (R23)",157.33,157.33,152,167,"152, 153, 167 (3)","Feb: 163.78, Mar: 159.00, Apr: 184.83, May: 138.57, Jun: 140.00, Jul: 136.33, Aug: 157.33, Sep: 153.33, Oct: 112.67, Nov: 77.50 ( 35 )",,
2016,24,12,2.12,"Cooper, Pharoh (RAM, WR, Age: 21)® (R24)",157.33,157.33,132,170,"132, 170, 170 (3)","Feb: 98.00, Mar: 111.00, Apr: 137.00, May: 132.57, Jun: 131.17, Jul: 168.50, Aug: 157.33, Sep: 182.00, Oct: 193.83, Nov: 212.25 ( 18 )",,
2016,25,12,3.1,"Drake, Kenyan (MIA, RB)® (R25)",159.5,159.5,154,165,"154, 165 (2)","Feb: 178.67, Mar: 167.00, Apr: 189.00, May: 146.29, Jun: 137.83, Jul: 144.67, Aug: 159.50, Sep: 172.50, Oct: 154.67, Nov: 160.25",,
2016,26,13,3.2,"Collins, Alex (SEA, RB, Age: 22)® (R26)",160,160,160,160,160 (1),"Feb: 105.67, Mar: 119.00, Apr: 132.33, May: 166.43, Jun: 170.33, Jul: 192.83, Aug: 160.00, Sep: 215.67, Oct: 208.00, Nov: 218.00",,
2016,27,14,3.3,"Marshall, Keith (WAS, RB, Age: 22)® (R27)",161,161,134,188,"134, 188 (2)","Feb: 200.40, Mar: 163.00, Apr: 157.50, May: 165.00, Jun: 140.83, Jul: 163.83, Aug: 161.00, Sep: 232.00, Oct: 201.00, Nov: 158.00 ( 43 )",,
2016,28,2,3.4,"Hooper, Austin (ATL, TE)® (R28)",163.5,163.5,156,171,"156, 171 (2)","Feb: 205.33, Mar: 210.00, Apr: 200.00, May: 176.71, Jun: 158.67, Jul: 166.17, Aug: 163.50, Sep: 174.50, Oct: 164.17, Nov: 127.75 ( 36 )",,
2016,29,1,3.5,"Wentz, Carson (PHI, QB, Age: 23)® (R29)",168.5,168.5,147,190,"147, 190 (2)","Feb: 181.67, Mar: 200.50, Apr: 174.80, May: 178.29, Jun: 171.50, Jul: 164.67, Aug: 168.50, Sep: 175.83, Oct: 122.33, Nov: 147.75 ( 25 )",,
2016,30,15,3.6,"Ervin, Tyler (HOU, RB, Age: 23)® (R30)",179,179,176,182,"176, 182 (2)","Feb: 228.00, Mar: 188.00, Apr: 210.67, May: 186.83, Jun: 158.00, Jul: 175.00, Aug: 179.00, Sep: 173.33, Oct: 177.20, Nov: 217.50 ( 40 )",,
2016,31,2,3.7,"Goff, Jared (RAM, QB, Age: 22)® (R31)",180,180,168,192,"168, 192 (2)","Feb: 190.89, Mar: 187.00, Apr: 194.60, May: 169.71, Jun: 159.67, Jul: 166.83, Aug: 180.00, Sep: 187.33, Oct: 179.83, Nov: 192.50 ( 13 )",,
2016,32,16,3.8,"Taylor, Kelvin (SFO, RB, Age: 23)® (R32)",182,182,182,182,182 (1),"Feb: 228.00, Apr: 237.00, May: 234.00, Jun: 170.00, Jul: 206.20, Aug: 182.00",,
2016,33,17,3.9,"Lasco, Daniel (NOS, RB, Age: 24)® (R33)",189,189,189,189,189 (1),"May: 212.50, Jun: 199.50, Jul: 201.00, Aug: 189.00, Sep: 218.00, Oct: 215.00, Nov: 230.00 ( 15 )",,
2016,34,13,3.1,"Braverman, Daniel (CHI, WR, Age: 23)® (R34)",189,189,189,189,189 (1),"Feb: 190.25, Apr: 233.00, May: 218.29, Jun: 223.50, Jul: 199.40, Aug: 189.00, Sep: 222.00",,
2016,35,14,3.11,"Thomas, Mike (RAM, WR, Age: 22)® (R35)",193.5,193.5,181,206,"181, 206 (2)","Feb: 126.33, Mar: 121.50, Apr: 154.60, May: 151.57, Jun: 159.33, Jul: 153.00, Aug: 193.50, Sep: 190.00, Oct: 219.00, Nov: 217.67",,
2016,36,3,3.12,"Lynch, Paxton (DEN, QB, Age: 22)® (R36)",198,198,198,198,198 (1),"Feb: 228.60, Mar: 192.00, May: 192.43, Jun: 168.50, Jul: 190.17, Aug: 198.00, Sep: 180.00, Oct: 150.83, Nov: 205.50 ( 55 )",,
2016,37,15,4.1,"Robinson, Demarcus (KCC, WR)® (R37)",203,203,203,203,203 (1),"May: 218.60, Jun: 166.00, Jul: 170.00, Aug: 203.00",,
2016,38,16,4.2,"Moore, Chris (BAL, WR, Age: 23)® (R38)",209,209,209,209,209 (1),"May: 182.60, Jun: 202.50, Jul: 205.20, Aug: 209.00, Sep: 222.67, Oct: 218.50",,
2016,39,17,4.3,"Higgins, Rashard (CLE, WR, Age: 22)® (R39)",210,210,210,210,210 (1),"Feb: 113.44, Mar: 130.00, Apr: 160.60, May: 174.71, Jun: 171.17, Jul: 161.67, Aug: 210.00, Sep: 194.67, Oct: 217.00",,
2017,1,1,1.1,"Fournette, Leonard (JAC, RB)® (R1)",21.83,22.25,14,28,"14, 16, 22, 24, 27, 28 (6)","Feb: 25.33, Mar: 21.50, Apr: 24.17, May: 21.33, Jun: 18.90, Jul: 23.17, Aug: 21.83, Sep: 22.83, Oct: 22.00, Nov: 14.50",,
2017,2,1,1.2,"Davis, Corey (TEN, WR)® (R2)",23.83,23,18,33,"18, 18, 22, 23, 29, 33 (6)","Feb: 30.00, Mar: 30.50, Apr: 27.83, May: 23.67, Jun: 21.60, Jul: 22.17, Aug: 23.83, Sep: 22.50, Oct: 24.00, Nov: 23.00",,
2017,3,2,1.3,"McCaffrey, Christian (CAR, RB)® (R3)",26.5,26,21,34,"21, 24, 24, 26, 30, 34 (6)","Feb: 64.33, Mar: 45.50, Apr: 36.33, May: 30.50, Jun: 30.90, Jul: 30.00, Aug: 26.50, Sep: 26.00, Oct: 29.25, Nov: 28.75",,
2017,4,3,1.4,"Mixon, Joe (CIN, RB)® (R4)",27.33,27.75,23,30,"23, 26, 26, 29, 30, 30 (6)","Feb: 60.00, Mar: 43.33, Apr: 46.33, May: 31.83, Jun: 28.80, Jul: 29.67, Aug: 27.33, Sep: 30.67, Oct: 30.75, Nov: 27.75",,
2017,5,4,1.5,"Cook, Dalvin (MIN, RB)® (R5)",35.33,35.5,32,38,"32, 34, 34, 36, 38, 38 (6)","Feb: 20.67, Mar: 28.33, Apr: 31.67, May: 33.83, Jun: 37.80, Jul: 41.50, Aug: 35.33, Sep: 29.33, Oct: 18.25, Nov: 17.50",,
2017,6,5,1.6,"Kamara, Alvin (NOS, RB)® (R6)",75.33,73.75,61,96,"61, 62, 71, 78, 84, 96 (6)","Feb: 104.50, Mar: 89.83, Apr: 92.00, May: 80.83, Jun: 72.90, Jul: 72.67, Aug: 75.33, Sep: 72.33, Oct: 56.75, Nov: 43.50 ( 13 )",,
2017,7,2,1.7,"Williams, Mike (LAC, WR)® (R7)",76,76.5,55,95,"55, 65, 74, 83, 84, 95 (6)","Feb: 36.33, Mar: 38.00, Apr: 43.33, May: 42.17, Jun: 50.90, Jul: 54.50, Aug: 76.00, Sep: 72.83, Oct: 66.00, Nov: 62.50",,
2017,8,6,1.8,"Perine, Samaje (WAS, RB)® (R8)",80,79.75,76,85,"76, 79, 79, 80, 81, 85 (6)","Feb: 94.67, Mar: 108.50, Apr: 106.17, May: 92.83, Jun: 78.10, Jul: 74.00, Aug: 80.00, Sep: 103.83, Oct: 109.25, Nov: 140.50 ( 31 )",,
2017,9,7,1.9,"Hunt, Kareem (KCC, RB)® (R9)",81,78,72,102,"72, 73, 76, 77, 86, 102 (6)","Feb: 122.00, Mar: 142.83, Apr: 142.17, May: 103.67, Jun: 79.50, Jul: 86.67, Aug: 81.00, Sep: 43.33, Oct: 13.75, Nov: 14.75",,
2017,10,3,1.1,"Ross, John (CIN, WR)® (R10)",83.33,83.75,56,109,"56, 66, 86, 88, 95, 109 (6)","Feb: 70.00, Mar: 74.17, Apr: 76.00, May: 77.33, Jun: 79.50, Jul: 78.83, Aug: 83.33, Sep: 90.67, Oct: 90.75, Nov: 92.00",,
2017,11,1,1.11,"Howard, O.J. (TBB, TE)® (R11)",85,83,74,104,"74, 79, 80, 85, 88, 104 (6)","Feb: 95.17, Mar: 90.00, Apr: 83.67, May: 71.50, Jun: 71.60, Jul: 88.33, Aug: 85.00, Sep: 94.50, Oct: 75.00, Nov: 89.75 ( 15 )",,
2017,12,2,1.12,"Engram, Evan (NYG, TE)® (R12)",93.17,93.75,74,110,"74, 85, 95, 97, 98, 110 (6)","Feb: 127.00, Mar: 104.83, Apr: 100.17, May: 91.67, Jun: 95.40, Jul: 95.17, Aug: 93.17, Sep: 93.83, Oct: 77.75, Nov: 51.00 ( 27 )",,
2017,13,3,2.1,"Njoku, David (CLE, TE)® (R13)",97.17,99.25,78,108,"78, 91, 97, 103, 106, 108 (6)","Feb: 116.67, Mar: 113.67, Apr: 111.67, May: 96.50, Jun: 91.20, Jul: 93.00, Aug: 97.17, Sep: 99.67, Oct: 92.25, Nov: 75.75 ( 16 )",,
2017,14,4,2.2,"Jones, Zay (BUF, WR)® (R14)",106.83,107.75,98,112,"98, 105, 107, 109, 110, 112 (6)","Feb: 133.00, Mar: 137.00, Apr: 136.50, May: 112.33, Jun: 108.20, Jul: 112.50, Aug: 106.83, Sep: 71.83, Oct: 97.75, Nov: 100.75",,
2017,15,5,2.3,"Smith-Schuster, JuJu (PIT, WR)® (R15)",108.83,111.75,76,130,"76, 105, 110, 111, 121, 130 (6)","Feb: 62.33, Mar: 66.33, Apr: 73.67, May: 85.17, Jun: 104.50, Jul: 93.17, Aug: 108.83, Sep: 122.67, Oct: 101.00, Nov: 46.25 ( 55 )",,
2017,16,6,2.4,"Samuel, Curtis (CAR, WR)® (R16)",125.67,130,90,144,"90, 124, 127, 131, 138, 144 (6)","Feb: 131.00, Mar: 130.67, Apr: 126.50, May: 114.33, Jun: 124.00, Jul: 122.17, Aug: 125.67, Sep: 131.50, Oct: 132.75, Nov: 118.75 ( 14 )",,
2017,17,8,2.5,"Foreman, D'Onta (HOU, RB)® (R17)",127.17,127,115,140,"115, 119, 126, 131, 132, 140 (6)","Feb: 108.33, Mar: 114.50, Apr: 92.83, May: 108.50, Jun: 106.80, Jul: 126.17, Aug: 127.17, Sep: 120.83, Oct: 111.25, Nov: 103.75",,
2017,18,9,2.6,"Mack, Marlon (IND, RB)® (R18)",131.83,133.75,105,151,"105, 127, 129, 137, 142, 151 (6)","Mar: 206.50, Apr: 197.60, May: 155.75, Jun: 132.20, Jul: 142.50, Aug: 131.83, Sep: 126.33, Oct: 138.75, Nov: 86.25 ( 52 )",,
2017,19,7,2.7,"Golladay, Kenny (DET, WR, Age: 24)® (R19)",136,137.25,118,149,"118, 133, 135, 136, 145, 149 (6)","May: 209.00, Jun: 161.50, Jul: 136.50, Aug: 136.00, Sep: 100.83, Oct: 81.25, Nov: 92.75",,
2017,20,10,2.8,"Williams, Jamaal (GBP, RB)® (R20)",138.17,140.25,122,146,"122, 133, 138, 145, 145, 146 (6)","Feb: 146.67, Mar: 161.67, Apr: 170.83, May: 140.50, Jun: 127.40, Jul: 145.50, Aug: 138.17, Sep: 128.00, Oct: 130.75, Nov: 187.75 ( 57 )",,
2017,21,11,2.9,"Williams, Joe (SFO, RB)® (R21)",140,140.75,111,166,"111, 132, 136, 137, 158, 166 (6)","Mar: 212.33, Apr: 214.00, May: 180.50, Jun: 120.70, Jul: 135.83, Aug: 140.00, Sep: 201.40, Oct: 205.50, Nov: 188.33 ( 17 )",,
2017,22,8,2.1,"Godwin, Chris (TBB, WR)® (R22)",140.17,137,121,172,"121, 122, 132, 145, 149, 172 (6)","Feb: 181.83, Mar: 139.17, Apr: 116.50, May: 125.33, Jun: 127.90, Jul: 135.50, Aug: 140.17, Sep: 133.50, Oct: 117.75, Nov: 117.00",,
2017,23,9,2.11,"Kupp, Cooper (LAR, WR)® (R23)",141.67,145.75,112,155,"112, 143, 146, 147, 147, 155 (6)","Feb: 154.67, Mar: 159.67, Apr: 155.83, May: 161.25, Jun: 157.90, Jul: 177.17, Aug: 141.67, Sep: 115.33, Oct: 96.50, Nov: 78.25 ( 18 )",,
2017,24,12,2.12,"Conner, James (PIT, RB)® (R24)",148.5,146.25,124,182,"124, 139, 146, 147, 153, 182 (6)","Feb: 180.60, Mar: 181.67, Apr: 181.83, May: 175.75, Jun: 143.60, Jul: 148.83, Aug: 148.50, Sep: 151.00, Oct: 151.50, Nov: 123.25 ( 28 )",,
2017,25,13,3.1,"McNichols, Jeremy (TBB, RB)® (R25)",159.67,159.5,151,169,"151, 152, 160, 162, 164, 169 (6)","Feb: 177.67, Mar: 170.50, Apr: 149.50, May: 141.80, Jun: 157.90, Jul: 163.33, Aug: 159.67, Sep: 216.00, Nov: 239.00",,
2017,26,4,3.2,"Everett, Gerald (LAR, TE)® (R26)",162.83,166.25,136,176,"136, 159, 164, 167, 175, 176 (6)","Apr: 228.67, May: 211.00, Jun: 162.10, Jul: 155.67, Aug: 162.83, Sep: 167.60, Oct: 193.75, Nov: 154.75 ( 39 )",,
2017,27,10,3.3,"Henderson, Carlos (DEN, WR)® (R27)",165.5,164,150,187,"150, 156, 157, 159, 184, 187 (6)","Feb: 121.00, Mar: 121.67, Apr: 124.50, May: 126.50, Jun: 164.70, Jul: 152.17, Aug: 165.50, Sep: 208.00, Oct: 191.50, Nov: 186.75",,
2017,28,1,3.4,"Watson, Deshaun (HOU, QB)® (R28)",171.17,167.25,154,204,"154, 157, 164, 167, 181, 204 (6)","Feb: 192.60, Mar: 185.33, Apr: 192.60, May: 153.00, Jun: 161.60, Jul: 164.17, Aug: 171.17, Sep: 160.33, Oct: 119.75, Nov: 60.75 ( 59 )",,
2017,29,5,3.5,"Shaheen, Adam (CHI, TE, Age: 23)® (R29)",174.17,175.5,148,195,"148, 162, 162, 185, 193, 195 (6)","May: 200.50, Jun: 164.20, Jul: 180.00, Aug: 174.17, Sep: 217.00, Oct: 201.00, Nov: 175.50 ( 25 )",,
2017,30,11,3.6,"Taylor, Taywan (TEN, WR)® (R30)",176.17,172.75,160,206,"160, 163, 170, 178, 180, 206 (6)","Feb: 181.20, Mar: 171.33, Apr: 180.17, May: 165.33, Jun: 164.00, Jul: 160.33, Aug: 176.17, Sep: 143.67, Oct: 151.75, Nov: 142.00",,
2017,31,12,3.7,"Williams, Chad (ARI, WR, Age: 23)® (R31)",177.33,177,146,210,"146, 169, 178, 178, 183, 210 (6)","May: 176.00, Jun: 169.20, Jul: 164.67, Aug: 177.33, Sep: 228.00, Oct: 206.00, Nov: 204.50",,
2017,32,13,3.8,"Stewart, ArDarius (NYJ, WR)® (R32)",177.5,177.75,154,200,"154, 155, 175, 189, 192, 200 (6)","Feb: 194.60, Mar: 207.00, Apr: 201.67, May: 195.33, Jun: 180.00, Jul: 173.83, Aug: 177.50, Sep: 162.67, Oct: 173.25, Nov: 178.50",,
2017,33,2,3.9,"Mahomes, Patrick (KCC, QB)® (R33)",181.33,181,162,202,"162, 168, 182, 187, 187, 202 (6)","Feb: 226.50, Mar: 217.67, Apr: 214.50, May: 188.00, Jun: 171.70, Jul: 188.00, Aug: 181.33, Sep: 184.67, Oct: 160.25, Nov: 152.50",,
2017,34,14,3.1,"Gallman, Wayne (NYG, RB)® (R34)",185.33,186,163,205,"163, 176, 177, 194, 197, 205 (6)","Feb: 147.83, Mar: 173.50, Apr: 194.67, May: 157.75, Jun: 170.10, Jul: 185.00, Aug: 185.33, Sep: 195.50, Oct: 191.00, Nov: 191.50",,
2017,35,14,3.11,"Reynolds, Josh (LAR, WR)® (R35)",199,196.25,179,230,"179, 183, 184, 202, 216, 230 (6)","Feb: 222.50, Mar: 213.17, Apr: 192.40, May: 168.83, Jun: 195.44, Jul: 180.17, Aug: 199.00, Sep: 207.75, Oct: 203.75, Nov: 187.33 ( 16 )",,
2017,36,3,3.12,"Kizer, DeShone (CLE, QB)® (R36)",201.33,199.25,176,235,"176, 186, 201, 204, 206, 235 (6)","Feb: 220.50, Mar: 233.50, Apr: 228.50, May: 223.00, Jun: 206.38, Jul: 216.40, Aug: 201.33, Sep: 164.83, Oct: 182.50",,
2017,37,4,4.1,"Trubisky, Mitchell (CHI, QB)® (R37)",205,206,182,225,"182, 200, 202, 216, 225 (5)","Feb: 222.33, Mar: 220.00, Apr: 222.00, May: 201.00, Jun: 208.60, Jul: 213.00, Aug: 205.00, Sep: 176.67, Oct: 157.75, Nov: 159.50",,
2017,38,6,4.2,"Smith, Jonnu (TEN, TE)® (R38)",206.83,208.25,185,223,"185, 205, 205, 211, 212, 223 (6)","May: 226.00, Jun: 204.25, Jul: 194.83, Aug: 206.83, Sep: 222.75, Oct: 192.50, Nov: 162.75 ( 30 )",,
2017,39,15,4.3,"McGuire, Elijah (NYJ, RB)® (R39)",214.33,214.33,186,236,"186, 221, 236 (3)","Feb: 195.17, Mar: 227.75, Apr: 234.25, May: 216.00, Jun: 225.00, Jul: 226.00, Aug: 214.33, Sep: 201.00, Oct: 180.50, Nov: 195.00 ( 15 )",,
2017,40,16,4.4,"Pumphrey, Donnel (PHI, RB)® (R40)",214.67,218.25,183,232,"183, 201, 220, 223, 229, 232 (6)","Feb: 238.00, Mar: 229.00, Apr: 228.00, May: 220.33, Jun: 211.90, Jul: 202.83, Aug: 214.67",,
2017,41,17,4.5,"Jones, Aaron (GBP, RB, Age: 22)® (R41)",217.17,217.5,209,224,"209, 209, 218, 219, 224, 224 (6)","May: 200.00, Jun: 194.00, Jul: 191.67, Aug: 217.17, Oct: 180.00, Nov: 68.25 ( 112 )",,
2017,42,18,4.6,"Henderson, De'Angelo (DEN, RB, Age: 24)® (R42)",217.2,217.33,198,236,"198, 209, 211, 232, 236 (5)","Jun: 231.00, Jul: 210.00, Aug: 217.20, Sep: 180.17, Oct: 196.00, Nov: 226.50 ( 31 )",,
2017,43,19,4.7,"Hood, Elijah (OAK, RB)® (R43)",218.6,219.67,200,234,"200, 218, 219, 222, 234 (5)","Feb: 197.67, Mar: 209.60, Apr: 200.00, May: 215.00, Jun: 213.88, Jul: 220.00, Aug: 218.60",,
2017,44,15,4.8,"Switzer, Ryan (DAL, WR)® (R44)",219.5,219.5,193,235,"193, 225, 225, 235 (4)","Feb: 225.00, May: 222.00, Jun: 219.63, Jul: 209.40, Aug: 219.50, Sep: 233.00, Oct: 236.00, Nov: 238.00",,
2017,45,16,4.9,"Zamora, Ishmael (FA, WR, Age: 21)® (R45)",221,221,221,221,221 (1),"Apr: 234.67, May: 228.50, Jun: 221.00, Jul: 218.00, Aug: 221.00",,
2017,46,7,4.1,"Butt, Jake (DEN, TE)® (R46)",222.83,224.5,202,237,"202, 217, 222, 226, 233, 237 (6)","Feb: 191.17, Mar: 207.33, Apr: 215.33, May: 180.67, Jun: 206.75, Jul: 197.00, Aug: 222.83, Sep: 222.80, Oct: 226.00, Nov: 200.50 ( 25 )",,
2017,47,17,4.11,"Darboh, Amara (SEA, WR)® (R47)",223.67,223.67,210,231,"210, 230, 231 (3)","Feb: 215.00, Mar: 229.50, Apr: 234.00, Jun: 216.60, Jul: 214.00, Aug: 223.67, Nov: 212.33",,
2017,48,8,4.12,"Kittle, George (SFO, TE, Age: 24)® (R48)",225.4,228.67,207,234,"207, 224, 230, 232, 234 (5)","Jul: 206.00, Aug: 225.40, Sep: 193.67, Oct: 176.25, Nov: 141.00 ( 35 )",,
2017,49,18,5.1,"Westbrook, Dede (JAC, WR)® (R49)",229,229,225,232,"225, 228, 231, 232 (4)","Feb: 151.83, Mar: 167.50, Apr: 184.67, May: 206.00, Jun: 223.00, Jul: 214.75, Aug: 229.00, Sep: 173.50, Oct: 175.25, Nov: 110.75 ( 64 )",,
2017,50,20,5.2,"Cohen, Tarik (CHI, RB, Age: 22)® (R50)",230.67,230.67,227,236,"227, 229, 236 (3)","Jun: 237.00, Aug: 230.67, Sep: 176.50, Oct: 77.75, Nov: 102.75 ( 25 )",,
2018,1,1,1.1,"Barkley, Saquon (NYG, RB, Age: 21)® (R1)",6.33,6.5,5,7,"5, 6, 6, 7, 7, 7 (6)","Mar: 10.00, Apr: 8.00, May: 6.33, Jun: 6.00, Jul: 5.67, Aug: 6.33, Sep: 5.67, Oct: 5.25, Nov: 3.00, Dec: 1.25",,
2018,2,2,1.2,"Guice, Derrius (WAS, RB, Age: 21)® (R2)",26.83,26.5,22,33,"22, 23, 26, 26, 31, 33 (6)","Mar: 26.88, Apr: 25.83, May: 33.50, Jun: 33.33, Jul: 30.50, Aug: 26.83, Sep: 43.67, Oct: 39.00, Nov: 36.25, Dec: 41.75",,
2018,3,3,1.3,"Penny, Rashaad (SEA, RB, Age: 22)® (R3)",38,37.25,31,48,"31, 34, 37, 38, 40, 48 (6)","Mar: 73.25, Apr: 64.33, May: 43.83, Jun: 39.17, Jul: 37.83, Aug: 38.00, Sep: 55.17, Oct: 64.00, Nov: 84.50, Dec: 57.00 ( 27 )",,
2018,4,4,1.4,"Michel, Sony (NEP, RB, Age: 23)® (R4)",42.83,42.5,40,47,"40, 41, 42, 42, 45, 47 (6)","Mar: 44.88, Apr: 47.33, May: 45.33, Jun: 43.17, Jul: 41.33, Aug: 42.83, Sep: 45.00, Oct: 40.50, Nov: 36.50, Dec: 30.75",,
2018,5,5,1.5,"Jones, Ronald (TBB, RB)® (R5)",52.83,52.5,50,57,"50, 52, 52, 52, 54, 57 (6)","Mar: 58.00, Apr: 69.17, May: 52.17, Jun: 50.00, Jul: 49.83, Aug: 52.83, Sep: 88.17, Oct: 96.00, Nov: 90.25, Dec: 94.00",,
2018,6,6,1.6,"Chubb, Nick (CLE, RB, Age: 22)® (R6)",53.33,52.25,43,68,"43, 44, 52, 56, 57, 68 (6)","Mar: 41.88, Apr: 45.00, May: 39.00, Jun: 42.67, Jul: 49.83, Aug: 53.33, Sep: 47.67, Oct: 50.50, Nov: 33.25, Dec: 18.50 ( 15 )",,
2018,7,7,1.7,"Johnson, Kerryon (DET, RB, Age: 21)® (R7)",53.83,53,48,63,"48, 48, 53, 53, 58, 63 (6)","Mar: 99.13, Apr: 104.83, May: 73.33, Jun: 59.33, Jul: 61.00, Aug: 53.83, Sep: 48.50, Oct: 42.00, Nov: 30.75, Dec: 34.25",,
2018,8,8,1.8,"Freeman, Royce (DEN, RB, Age: 22)® (R8)",57.17,58,46,65,"46, 53, 58, 59, 62, 65 (6)","Mar: 99.88, Apr: 100.50, May: 66.00, Jun: 50.83, Jul: 53.67, Aug: 57.17, Sep: 42.67, Oct: 59.25, Nov: 59.75, Dec: 75.25 ( 16 )",,
2018,9,1,1.9,"Moore, D.J. (CAR, WR)® (R9)",63.5,65.5,49,70,"49, 58, 66, 69, 69, 70 (6)","Mar: 80.63, Apr: 68.00, May: 61.33, Jun: 58.00, Jul: 54.17, Aug: 63.50, Sep: 57.17, Oct: 65.00, Nov: 53.00, Dec: 42.00",,
2018,10,2,1.1,"Sutton, Courtland (DEN, WR, Age: 23)® (R10)",78,77,71,89,"71, 71, 77, 79, 81, 89 (6)","Mar: 53.75, Apr: 58.83, May: 69.17, Jun: 74.33, Jul: 81.33, Aug: 78.00, Sep: 61.17, Oct: 63.25, Nov: 45.00, Dec: 45.25",,
2018,11,3,1.11,"Ridley, Calvin (ATL, WR, Age: 23)® (R11)",85,85.5,76,92,"76, 79, 85, 86, 92, 92 (6)","Mar: 67.00, Apr: 75.67, May: 67.67, Jun: 67.33, Jul: 67.17, Aug: 85.00, Sep: 76.50, Oct: 52.50, Nov: 54.75, Dec: 45.25",,
2018,12,4,1.12,"Kirk, Christian (ARI, WR, Age: 22)® (R12)",85.33,85.25,73,98,"73, 74, 88, 88, 91, 98 (6)","Mar: 85.88, Apr: 90.33, May: 79.50, Jun: 67.00, Jul: 74.00, Aug: 85.33, Sep: 91.00, Oct: 71.75, Nov: 67.00, Dec: 59.25",,
2018,13,5,2.1,"Miller, Anthony (CHI, WR, Age: 24)® (R13)",94.67,93.75,89,104,"89, 90, 93, 95, 97, 104 (6)","Mar: 157.75, Apr: 156.50, May: 114.50, Jun: 92.67, Jul: 95.67, Aug: 94.67, Sep: 80.17, Oct: 81.50, Nov: 89.75, Dec: 71.75 ( 18 )",,
2018,14,6,2.2,"Gallup, Michael (DAL, WR, Age: 22)® (R14)",111.5,109.25,99,133,"99, 104, 108, 112, 113, 133 (6)","Mar: 150.75, Apr: 148.50, May: 104.33, Jun: 90.17, Jul: 94.67, Aug: 111.50, Sep: 98.83, Oct: 115.50, Nov: 124.75, Dec: 97.50 ( 27 )",,
2018,15,7,2.3,"Washington, James (PIT, WR, Age: 22)® (R15)",114.17,115,101,124,"101, 107, 110, 120, 123, 124 (6)","Mar: 65.25, Apr: 79.67, May: 96.33, Jun: 107.17, Jul: 118.17, Aug: 114.17, Sep: 103.50, Oct: 91.25, Nov: 133.00, Dec: 140.25",,
2018,16,9,2.4,"Hines, Nyheim (IND, RB, Age: 22)® (R16)",116.5,118.25,96,130,"96, 117, 118, 118, 120, 130 (6)","Mar: 177.14, Apr: 185.17, May: 136.67, Jun: 126.00, Jul: 112.83, Aug: 116.50, Sep: 153.20, Oct: 114.25, Nov: 101.00, Dec: 109.50",,
2018,17,1,2.5,"Gesicki, Mike (MIA, TE, Age: 23)® (R17)",124,124.5,109,137,"109, 118, 122, 129, 129, 137 (6)","Mar: 157.38, Apr: 144.67, May: 134.67, Jun: 112.00, Jul: 122.83, Aug: 124.00, Sep: 126.60, Oct: 143.00, Nov: 166.75, Dec: 177.75",,
2018,18,1,2.6,"Mayfield, Baker (CLE, QB, Age: 23)® (R18)",148.67,146.25,126,181,"126, 131, 145, 148, 161, 181 (6)","Mar: 175.63, Apr: 173.17, May: 142.17, Jun: 155.50, Jul: 171.83, Aug: 148.67, Sep: 158.25, Oct: 127.75, Nov: 124.75, Dec: 108.00 ( 17 )",,
2018,19,8,2.7,"Pettis, Dante (SFO, WR, Age: 23)® (R19)",149,147.75,129,174,"129, 131, 132, 161, 167, 174 (6)","Mar: 213.29, Apr: 218.60, May: 132.83, Jun: 127.83, Jul: 128.33, Aug: 149.00, Sep: 146.75, Oct: 131.25, Nov: 160.25, Dec: 97.00 ( 63 )",,
2018,20,10,2.8,"Wilkins, Jordan (IND, RB, Age: 24)® (R20)",149.67,151.75,125,166,"125, 142, 149, 156, 160, 166 (6)","May: 216.00, Jun: 178.00, Jul: 169.00, Aug: 149.67, Sep: 124.25, Oct: 189.25, Nov: 213.25, Dec: 203.50",,
2018,21,2,2.9,"Jackson, Lamar (BAL, QB, Age: 21)® (R21)",149.83,153.25,109,177,"109, 147, 148, 153, 165, 177 (6)","Mar: 179.50, Apr: 157.17, May: 141.17, Jun: 141.50, Jul: 147.50, Aug: 149.83, Sep: 162.75, Oct: 158.75, Nov: 157.25, Dec: 124.00 ( 33 )",,
2018,22,11,2.1,"Ballage, Kalen (MIA, RB)® (R22)",157.33,156.25,128,191,"128, 137, 140, 158, 190, 191 (6)","Mar: 132.38, Apr: 138.50, May: 144.33, Jun: 131.33, Jul: 124.83, Aug: 157.33, Sep: 157.50, Oct: 164.75, Nov: 186.00, Dec: 191.25",,
2018,23,9,2.11,"Smith, Tre'Quan (NOS, WR)® (R23)",159.5,157,142,187,"142, 148, 149, 164, 167, 187 (6)","Mar: 200.00, Apr: 215.00, May: 167.33, Jun: 151.00, Jul: 156.00, Aug: 159.50, Sep: 134.80, Oct: 123.25, Nov: 87.50, Dec: 77.00",,
2018,24,2,2.12,"Hurst, Hayden (BAL, TE, Age: 25)® (R24)",162.83,157.75,128,218,"128, 148, 152, 162, 169, 218 (6)","Mar: 207.00, Apr: 218.60, May: 205.83, Jun: 162.50, Jul: 173.67, Aug: 162.83, Sep: 136.50, Oct: 168.00, Nov: 176.25, Dec: 196.25 ( 20 )",,
2018,25,10,3.1,"Callaway, Antonio (CLE, WR, Age: 21)® (R25)",175.33,176,145,203,"145, 162, 173, 182, 187, 203 (6)","Mar: 207.14, Apr: 210.00, May: 174.50, Jun: 153.00, Jul: 162.50, Aug: 175.33, Sep: 149.60, Oct: 96.00, Nov: 136.50, Dec: 112.00 ( 24 )",,
2018,26,3,3.2,"Rosen, Josh (ARI, QB, Age: 21)® (R26)",177.83,176,163,200,"163, 170, 176, 179, 179, 200 (6)","Mar: 175.38, Apr: 177.33, May: 167.00, Jun: 172.83, Jul: 186.33, Aug: 177.83, Sep: 171.00, Oct: 176.50, Nov: 165.00, Dec: 153.75",,
2018,27,3,3.3,"Goedert, Dallas (PHI, TE, Age: 24)® (R27)",179,181.5,144,204,"144, 164, 181, 187, 194, 204 (6)","Mar: 154.00, Apr: 140.17, May: 158.50, Jun: 146.00, Jul: 170.67, Aug: 179.00, Sep: 135.80, Oct: 129.75, Nov: 136.75, Dec: 122.25 ( 14 )",,
2018,28,11,3.4,"Coutee, Keke (HOU, WR, Age: 21)® (R28)",180.83,186.25,132,208,"132, 170, 188, 192, 195, 208 (6)","Mar: 207.33, Apr: 235.00, May: 185.50, Jun: 180.17, Jul: 153.83, Aug: 180.83, Sep: 173.33, Oct: 124.00, Nov: 98.25, Dec: 106.00",,
2018,29,4,3.5,"Herndon, Chris (NYJ, TE)® (R29)",185,185,185,185,185 (1),"Jun: 240.00, Aug: 185.00, Sep: 198.00, Nov: 170.75, Dec: 150.50 ( 20 )",,
2018,30,12,3.6,"Chark, D.J. (JAC, WR, Age: 22)® (R30)",187.5,191.75,149,209,"149, 172, 186, 204, 205, 209 (6)","Mar: 147.43, Apr: 167.50, May: 171.67, Jun: 161.50, Jul: 162.17, Aug: 187.50, Sep: 183.33, Oct: 190.25, Nov: 185.25, Dec: 205.75 ( 21 )",,
2018,31,13,3.7,"Moore, J'Mon (GBP, WR, Age: 23)® (R31)",189,190.5,170,202,"170, 184, 188, 191, 199, 202 (6)","May: 208.00, Jun: 186.50, Jul: 184.33, Aug: 189.00, Oct: 215.00, Nov: 200.00, Dec: 221.67 ( 22 )",,
2018,32,4,3.8,"Darnold, Sam (NYJ, QB, Age: 21)® (R32)",191.5,186.75,171,231,"171, 182, 186, 187, 192, 231 (6)","Mar: 208.75, Apr: 193.50, May: 176.50, Jun: 189.17, Jul: 207.80, Aug: 191.50, Sep: 177.50, Oct: 178.50, Nov: 176.00, Dec: 186.50",,
2018,33,12,3.9,"Edmonds, Chase (ARI, RB, Age: 22)® (R33)",194.67,193.25,180,215,"180, 183, 188, 193, 209, 215 (6)","May: 198.00, Jun: 195.17, Jul: 172.00, Aug: 194.67, Sep: 169.25, Oct: 158.00, Nov: 179.50, Dec: 177.00",,
2018,34,14,3.1,"Cain, Deon (IND, WR, Age: 22)® (R34)",194.83,188.25,176,240,"176, 180, 189, 190, 194, 240 (6)","Mar: 187.38, Apr: 197.50, May: 195.50, Jun: 221.20, Jul: 200.83, Aug: 194.83, Oct: 212.00, Nov: 193.00, Dec: 180.75 ( 12 )",,
2018,35,15,3.11,"Hamilton, DaeSean (DEN, WR, Age: 23)® (R35)",198,203.75,155,218,"155, 179, 204, 216, 216, 218 (6)","Mar: 193.83, Apr: 193.50, May: 184.83, Jun: 186.50, Jul: 182.67, Aug: 198.00, Sep: 205.50, Oct: 202.33, Nov: 183.00, Dec: 151.25 ( 32 )",,
2018,36,16,3.12,"St. Brown, Equanimeous (GBP, WR, Age: 22)® (R36)",200,200,200,200,200 (1),"Mar: 104.25, Apr: 108.00, May: 167.50, Jun: 213.83, Jul: 207.75, Aug: 200.00, Oct: 222.00, Nov: 172.25, Dec: 194.75 ( 23 )",,
2018,37,17,4.1,"Valdes-Scantling, Marquez (GBP, WR, Age: 24)® (R37)",201,201,201,201,201 (1),"May: 231.00, Aug: 201.00, Sep: 220.00, Oct: 155.00, Nov: 89.25, Dec: 99.00",,
2018,38,13,4.2,"Kelly, John (LAR, RB, Age: 22)® (R38)",204.33,205.5,190,214,"190, 197, 206, 209, 210, 214 (6)","Mar: 118.63, Apr: 119.67, May: 180.67, Jun: 202.67, Jul: 200.50, Aug: 204.33, Sep: 171.50, Oct: 178.75, Nov: 180.00, Dec: 180.50",,
2018,39,18,4.3,"Fountain, Daurice (IND, WR, Age: 22)® (R39)",204.5,204.5,182,227,"182, 227 (2)","May: 226.50, Jun: 221.00, Jul: 215.00, Aug: 204.50",,
2018,40,14,4.4,"Smith, Ito (ATL, RB, Age: 23)® (R40)",207.2,208.33,191,220,"191, 197, 211, 217, 220 (5)","May: 212.40, Jun: 188.33, Jul: 192.17, Aug: 207.20, Sep: 234.00, Oct: 176.50, Nov: 114.50, Dec: 130.25 ( 16 )",,
2018,41,15,4.5,"Jackson, Justin (LAC, RB, Age: 23)® (R41)",207.6,210.67,189,217,"189, 205, 213, 214, 217 (5)","Mar: 210.57, Apr: 222.17, May: 217.67, Jun: 219.00, Jul: 197.67, Aug: 207.60, Dec: 168.00",,
2018,42,16,4.6,"Samuels, Jaylen (PIT, RB, Age: 22)® (R42)",210.67,215.25,176,227,"176, 209, 215, 218, 219, 227 (6)","Mar: 209.50, Apr: 213.50, May: 187.75, Jun: 203.00, Jul: 203.33, Aug: 210.67, Sep: 199.50, Dec: 162.00",,
2018,43,19,4.7,"Watson, Justin (TBB, WR)® (R43)",213.33,213.33,199,225,"199, 216, 225 (3)","May: 233.00, Jun: 229.67, Jul: 226.67, Aug: 213.33, Oct: 222.00, Dec: 219.00",,
2018,44,5,4.8,"Allen, Josh (BUF, QB, Age: 22)® (R44)",217.33,217.33,200,239,"200, 213, 239 (3)","Mar: 221.43, Apr: 222.00, May: 222.00, Jun: 225.00, Jul: 230.00, Aug: 217.33, Sep: 206.00, Oct: 206.00, Nov: 227.50, Dec: 177.00 ( 50 )",,
2018,45,20,4.9,"Quinn, Trey (WAS, WR, Age: 23)® (R45)",221,221,221,221,221 (1),"Mar: 239.00, Apr: 215.00, Jun: 233.33, Jul: 225.33, Aug: 221.00, Nov: 219.00, Dec: 228.25",,
2018,46,5,4.1,"Andrews, Mark (BAL, TE, Age: 22)® (R46)",222.33,222.33,210,233,"210, 224, 233 (3)","Mar: 147.25, Apr: 172.17, May: 198.33, Jun: 198.83, Jul: 228.50, Aug: 222.33, Sep: 222.00, Oct: 198.25, Nov: 209.25, Dec: 179.75 ( 29 )",,
2018,47,17,4.11,"Scott, Boston (NOS, RB, Age: 23)® (R47)",227,227,214,240,"214, 240 (2)","Jul: 220.00, Aug: 227.00, Dec: 223.00",,
2018,48,18,4.12,"Scarbrough, Bo (DAL, RB, Age: 22)® (R48)",228,228,228,228,228 (1),"Mar: 164.63, Apr: 175.50, May: 210.20, Jul: 230.33, Aug: 228.00",,
2018,49,19,5.1,"Walton, Mark (CIN, RB)® (R49)",228.25,228.25,218,239,"218, 226, 230, 239 (4)","Mar: 144.75, Apr: 146.00, May: 200.33, Jun: 201.50, Jul: 204.00, Aug: 228.25, Oct: 211.00, Nov: 213.50, Dec: 211.00",,
2018,50,21,5.2,"Berrios, Braxton (NEP, WR, Age: 23)® (R50)",229,229,229,229,229 (1),"Jun: 224.00, Jul: 226.67, Aug: 229.00, Oct: 227.00",,
2018,51,6,5.3,"Thomas, Ian (CAR, TE, Age: 22)® (R51)",237,237,237,237,237 (1),"May: 232.00, Jun: 231.50, Jul: 238.50, Aug: 237.00, Oct: 207.00, Dec: 183.25",,
2018,52,20,5.4,"Lindsay, Phillip (DEN, RB)® (R52)",238,238,238,238,238 (1),"Aug: 238.00, Oct: 101.50, Nov: 68.00, Dec: 42.00 ( 26 )",,
2018,53,7,5.5,"Fumagalli, Troy (DEN, TE)® (R53)",238,238,238,238,238 (1),"Mar: 204.33, May: 227.00, Aug: 238.00",,
2019,1,1,1.1,"Jacobs, Josh (OAK, RB, Age: 21)® (R1)",31.83,31.83,31.5,"30, 30, 31, 32, 33, 35 (6)","Feb: 62.00, Mar: 52.83, Apr: 57.00, May: 36.67, Jun: 28.50, Jul: 31.33, Aug: 31.83, Sep: 30.17, Oct: 28.75, Nov: 23.50, Dec: 16.00",162,150,138
2019,2,2,1.2,"Montgomery, David (CHI, RB, Age: 22)® (R2)",40.33,40.33,41,"34, 37, 41, 42, 44, 44 (6)","Feb: 57.50, Mar: 62.00, Apr: 72.83, May: 64.00, Jun: 46.50, Jul: 45.33, Aug: 40.33, Sep: 36.50, Oct: 45.25, Nov: 34.25, Dec: 53.50 ( 19 )",178,163,148
2019,3,3,1.3,"Sanders, Miles (PHI, RB, Age: 22)® (R3)",59,59,57,"53, 55, 55, 59, 59, 73 (6)","Feb: 142.67, Mar: 88.50, Apr: 68.33, May: 52.17, Jun: 48.00, Jul: 52.50, Aug: 59.00, Sep: 44.83, Oct: 50.00, Nov: 52.25, Dec: 52.25",95,84,72
2019,4,1,1.4,"Harry, N'Keal (NEP, WR, Age: 21)® (R4)",63.33,63.33,65,"45, 56, 58, 72, 74, 75 (6)","Feb: 50.83, Mar: 43.33, Apr: 51.33, May: 43.17, Jun: 42.33, Jul: 46.83, Aug: 63.33, Sep: 70.17, Oct: 67.75, Nov: 73.50, Dec: 46.25 ( 27 )",0,0,0
2019,5,4,1.5,"Henderson, Darrell (LAR, RB, Age: 22)® (R5)",77.5,77.5,78.25,"60, 74, 79, 80, 80, 92 (6)","Feb: 87.00, Mar: 87.83, Apr: 79.83, May: 102.00, Jun: 70.50, Jul: 69.50, Aug: 77.50, Sep: 81.17, Oct: 126.25, Nov: 93.75, Dec: 105.75",0,0,0
2019,6,2,1.6,"Metcalf, DK (SEA, WR, Age: 22)® (R6)",81,81,80.75,"72, 75, 79, 81, 88, 91 (6)","Feb: 52.33, Mar: 43.67, Apr: 66.50, May: 66.33, Jun: 68.33, Jul: 78.17, Aug: 81.00, Sep: 76.67, Oct: 56.75, Nov: 68.50, Dec: 45.25 ( 23 )",150,132,114
2019,7,3,1.7,"Brown, A.J. (TEN, WR)® (R7)",89.67,89.67,86.25,"76, 78, 82, 84, 101, 117 (6)","Feb: 71.83, Mar: 60.67, Apr: 62.00, May: 72.33, Jun: 70.67, Jul: 76.67, Aug: 89.67, Sep: 87.50, Oct: 61.50, Nov: 57.50, Dec: 49.50",85,68,51
2019,8,4,1.8,"Campbell, Parris (IND, WR, Age: 22)® (R8)",92.5,92.5,91,"78, 85, 85, 90, 104, 113 (6)","Feb: 155.83, Mar: 138.33, Apr: 120.67, May: 87.17, Jun: 77.17, Jul: 86.50, Aug: 92.50, Sep: 108.33, Oct: 113.50, Nov: 111.75, Dec: 102.75",64,50,37
2019,9,1,1.9,"Hockenson, T.J. (DET, TE, Age: 22)® (R9)",92.67,92.67,90.75,"75, 83, 92, 94, 94, 118 (6)","Feb: 132.83, Mar: 126.33, Apr: 98.67, May: 90.50, Jun: 82.00, Jul: 91.83, Aug: 92.67, Sep: 91.17, Oct: 78.00, Nov: 84.25, Dec: 82.50",106,88,71
2019,10,5,1.1,"Harris, Damien (NEP, RB, Age: 22)® (R10)",95.33,95.33,93.5,"84, 87, 89, 91, 107, 114 (6)","Feb: 122.83, Mar: 92.83, Apr: 103.00, May: 113.33, Jun: 104.33, Jul: 97.33, Aug: 95.33, Sep: 105.50, Oct: 121.50, Nov: 122.00, Dec: 143.00 ( 21 )",13,10,8
2019,11,1,1.11,"Murray, Kyler (ARI, QB, Age: 22)® (R11)",98,98,98.75,"90, 95, 98, 99, 103, 103 (6)","Feb: 201.00, Mar: 187.17, Apr: 135.17, May: 106.00, Jun: 107.67, Jul: 88.00, Aug: 98.00, Sep: 97.17, Oct: 113.75, Nov: 91.75, Dec: 64.25 ( 27 )",182,182,182
2019,12,5,1.12,"Arcega-Whiteside, JJ (PHI, WR)® (R12)",108.17,108.17,111.25,"88, 109, 109, 113, 114, 116 (6)","Feb: 116.33, Mar: 137.83, Apr: 101.33, May: 96.33, Jun: 106.83, Jul: 100.67, Aug: 108.17, Sep: 95.50, Oct: 108.00, Nov: 98.75, Dec: 110.00",16,12,7
2019,13,6,2.1,"Samuel, Deebo (SFO, WR, Age: 23)® (R13)",109,109,110.25,"85, 91, 105, 122, 123, 128 (6)","Feb: 139.83, Mar: 136.33, Apr: 126.33, May: 89.83, Jun: 96.33, Jul: 105.33, Aug: 109.00, Sep: 109.17, Oct: 96.00, Nov: 121.75, Dec: 70.75 ( 51 )",86,68,50
2019,14,2,2.2,"Fant, Noah (DEN, TE, Age: 22)® (R14)",112.17,112.17,113.25,"99, 108, 110, 116, 119, 121 (6)","Feb: 113.00, Mar: 83.50, Apr: 97.67, May: 92.33, Jun: 87.83, Jul: 99.50, Aug: 112.17, Sep: 111.83, Oct: 115.25, Nov: 111.00, Dec: 99.25",75,57,40
2019,15,7,2.3,"Brown, Marquise (BAL, WR, Age: 22)® (R15)",116.33,116.33,116,"101, 107, 114, 119, 124, 133 (6)","Feb: 118.17, Mar: 118.00, Apr: 113.00, May: 102.00, Jun: 102.50, Jul: 119.33, Aug: 116.33, Sep: 135.00, Oct: 62.25, Nov: 86.50, Dec: 70.00 ( 16 )",189,162,135
2019,16,6,2.4,"Hill, Justice (BAL, RB, Age: 22)® (R16)",118.33,118.33,119.75,"100, 114, 118, 120, 127, 131 (6)","Feb: 178.33, Mar: 161.83, Apr: 141.50, May: 127.83, Jun: 106.83, Jul: 114.33, Aug: 118.33, Sep: 104.50, Oct: 111.25, Nov: 119.25, Dec: 130.50",25,22,18
2019,17,7,2.5,"Singletary, Devin (BUF, RB, Age: 22)® (R17)",121.17,121.17,122.5,"107, 114, 121, 125, 130, 130 (6)","Feb: 108.50, Mar: 137.33, Apr: 140.67, May: 116.67, Jun: 114.83, Jul: 124.00, Aug: 121.17, Sep: 62.67, Oct: 74.75, Nov: 63.75, Dec: 55.50",144,132,120
2019,18,8,2.6,"Isabella, Andy (ARI, WR)® (R18)",121.67,121.67,121.25,"105, 110, 112, 124, 139, 140 (6)","Feb: 188.50, Mar: 164.33, Apr: 134.17, May: 106.00, Jun: 110.83, Jul: 115.67, Aug: 121.67, Sep: 134.67, Oct: 131.00, Nov: 140.00, Dec: 133.00",5,3,2
2019,19,9,2.7,"Hardman, Mecole (KCC, WR, Age: 21)® (R19)",137.17,137.17,137.75,"123, 136, 136, 137, 142, 149 (6)","Mar: 230.33, Apr: 230.50, May: 98.00, Jun: 90.00, Jul: 118.33, Aug: 137.17, Sep: 120.17, Oct: 93.50, Nov: 81.50, Dec: 68.00 ( 13 )",100,86,73
2019,20,8,2.8,"Mattison, Alexander (MIN, RB)® (R20)",140.67,140.67,140.75,"125, 128, 133, 147, 155, 156 (6)","May: 151.50, Jun: 141.17, Jul: 145.17, Aug: 140.67, Sep: 126.33, Oct: 127.00, Nov: 115.75, Dec: 115.00",68,64,59
2019,21,10,2.9,"Boykin, Miles (BAL, WR)® (R21)",152.83,152.83,156.25,"124, 146, 157, 158, 164, 168 (6)","Feb: 240.83, Mar: 213.83, Apr: 172.00, May: 147.83, Jun: 168.33, Jul: 161.67, Aug: 152.83, Sep: 140.50, Oct: 141.00, Nov: 179.25, Dec: 156.00 ( 23 )",16,15,13
2019,22,11,2.1,"McLaurin, Terry (WAS, WR, Age: 23)® (R22)",153,153,151.5,"142, 145, 152, 152, 157, 170 (6)","Feb: 224.83, Mar: 231.83, Apr: 214.83, May: 181.33, Jun: 168.50, Jul: 185.83, Aug: 153.00, Sep: 155.00, Oct: 77.75, Nov: 61.25, Dec: 53.25",156,130,105
2019,23,12,2.11,"Butler, Hakeem (ARI, WR, Age: 23)® (R23)",155.67,155.67,157.25,"117, 139, 159, 165, 166, 188 (6)","Feb: 72.33, Mar: 52.67, Apr: 50.17, May: 87.00, Jun: 118.33, Jul: 123.33, Aug: 155.67, Sep: 213.17, Oct: 205.50, Nov: 192.25, Dec: 178.50 ( 14 )",0,0,0
2019,24,9,2.12,"Thompson, Darwin (KCC, RB)® (R24)",159.83,159.83,161.25,"135, 150, 152, 168, 175, 179 (6)","May: 168.33, Jun: 163.17, Jul: 174.50, Aug: 159.83, Sep: 120.00, Oct: 134.50, Nov: 170.00, Dec: 157.50 ( 12 )",5,3,2
2019,25,3,3.1,"Smith Jr., Irv (MIN, TE, Age: 21)® (R25)",161.67,161.67,159.25,"136, 144, 148, 167, 178, 197 (6)","Feb: 165.00, Mar: 159.50, Apr: 134.50, May: 138.17, Jun: 132.83, Jul: 153.33, Aug: 161.67, Sep: 160.67, Oct: 144.50, Nov: 137.75, Dec: 134.75",37,30,22
2019,26,13,3.2,"Johnson, Diontae (PIT, WR)® (R26)",163.5,163.5,164.5,"149, 157, 165, 167, 169, 174 (6)","May: 156.17, Jun: 140.50, Jul: 161.17, Aug: 163.50, Sep: 196.00, Oct: 129.75, Nov: 112.00, Dec: 117.75",42,36,29
2019,27,14,3.3,"Johnson, KeeSean (ARI, WR, Age: 23)® (R27)",175.17,175.17,174.5,"159, 163, 174, 177, 184, 194 (6)","Feb: 179.00, Mar: 224.17, Apr: 229.00, May: 234.83, Jun: 231.50, Aug: 175.17, Sep: 178.17, Oct: 156.00, Nov: 215.75, Dec: 184.25 ( 31 )",57,44,30
2019,28,10,3.4,"Snell, Benny (PIT, RB, Age: 21)® (R28)",186.17,186.17,185,"153, 177, 182, 184, 197, 224 (6)","Feb: 156.67, Mar: 174.67, Apr: 182.67, May: 181.83, Jun: 181.00, Jul: 177.67, Aug: 186.17, Sep: 228.83, Oct: 220.50, Nov: 225.75, Dec: 166.50 ( 59 )",10,9,8
2019,29,11,3.5,"Williams, Dexter (GBP, RB)® (R29)",186.17,186.17,185.5,"162, 172, 172, 199, 199, 213 (6)","Feb: 223.67, May: 189.83, Jun: 173.83, Jul: 180.33, Aug: 186.17, Sep: 229.33, Oct: 230.25, Nov: 239.50, Dec: 238.25",15,13,11
2019,30,12,3.6,"Pollard, Tony (DAL, RB)® (R30)",187.83,187.83,185.5,"179, 183, 185, 186, 188, 206 (6)","Feb: 227.33, May: 234.50, Jun: 210.00, Jul: 205.50, Aug: 187.83, Sep: 128.17, Oct: 108.25, Nov: 132.50, Dec: 124.75",65,59,54
2019,31,2,3.7,"Haskins, Dwayne (WAS, QB, Age: 22)® (R31)",193,193,193,"180, 186, 190, 192, 204, 206 (6)","Feb: 223.50, Mar: 203.33, Apr: 196.50, May: 194.00, Jun: 182.33, Jul: 211.17, Aug: 193.00, Sep: 214.67, Oct: 211.25, Nov: 197.50, Dec: 204.75",-6,-6,-6
2019,32,13,3.8,"Love, Bryce (WAS, RB, Age: 22)® (R32)",196.5,196.5,196.5,"169, 173, 185, 209, 219, 224 (6)","Feb: 207.17, Mar: 187.83, Apr: 194.00, May: 188.67, Jun: 183.67, Jul: 213.83, Aug: 196.50, Sep: 222.33, Oct: 199.00, Nov: 233.75, Dec: 204.00 ( 30 )",0,0,0
2019,33,14,3.9,"Armstead, Ryquell (JAC, RB)® (R33)",199.17,199.17,201.75,"171, 196, 199, 199, 213, 217 (6)","Feb: 238.50, Mar: 235.00, Apr: 236.83, May: 196.33, Jun: 166.67, Jul: 181.50, Aug: 199.17, Sep: 176.83, Oct: 153.00, Nov: 175.50, Dec: 166.25",49,44,39
2019,34,15,3.1,"Renfrow, Hunter (OAK, WR, Age: 23)® (R34)",199.67,199.67,199.5,"172, 184, 191, 197, 226, 228 (6)","Feb: 239.33, May: 229.00, Jun: 238.17, Jul: 240.83, Aug: 199.67, Sep: 159.50, Oct: 187.00, Nov: 170.00, Dec: 155.75 ( 14 )",81,61,42
2019,35,4,3.11,"Sternberger, Jace (GBP, TE)® (R35)",202.17,202.17,203.25,"177, 201, 202, 205, 205, 223 (6)","Feb: 238.50, Mar: 218.50, Apr: 212.67, May: 145.67, Jun: 152.17, Jul: 184.17, Aug: 202.17, Sep: 226.50, Oct: 200.50, Nov: 219.25, Dec: 188.50 ( 31 )",15,12,8
2019,36,16,3.12,"Williams, Preston (MIA, WR)® (R36)",208.5,208.5,205.75,"194, 201, 204, 206, 212, 234 (6)","Feb: 230.83, Mar: 224.00, Apr: 230.83, Jun: 212.33, Jul: 224.67, Aug: 208.50, Sep: 157.67, Oct: 124.75, Nov: 133.75, Dec: 99.75 ( 34 )",73,59,45
2019,37,5,4.1,"Knox, Dawson (BUF, TE, Age: 23)® (R37)",211.83,211.83,213.25,"185, 207, 210, 214, 222, 233 (6)","Apr: 235.50, May: 239.50, Jun: 204.33, Jul: 210.50, Aug: 211.83, Sep: 228.00, Oct: 167.25, Nov: 181.50, Dec: 171.50",55,46,38
2019,38,17,4.2,"Hurd, Jalen (SFO, WR, Age: 23)® (R38)",215.67,215.67,215.25,"205, 207, 208, 221, 225, 228 (6)","Feb: 233.00, Mar: 240.67, Apr: 233.00, May: 193.67, Jun: 178.33, Jul: 200.33, Aug: 215.67, Sep: 184.83, Oct: 193.00, Nov: 200.00, Dec: 180.75 ( 19 )",16,12,8
2019,39,3,4.3,"Jones, Daniel (NYG, QB, Age: 22)® (R39)",221.5,217.6,216.67,"203, 208, 220, 222, 235 (5)","May: 232.17, Jun: 233.50, Jul: 233.17, Aug: 221.50, Sep: 189.67, Oct: 158.00, Nov: 176.00, Dec: 173.50",209,209,209
2019,40,15,4.4,"Anderson, Rodney (CIN, RB)® (R40)",225.33,194,194,"182, 206 (2)","Feb: 104.83, Mar: 131.33, Apr: 126.50, May: 182.17, Jun: 220.83, Jul: 221.00, Aug: 225.33, Dec: 233.25",0,0,0
2019,41,16,4.5,"Anderson, Bruce (TBB, RB)® (R41)",225.67,222.6,226.33,"196, 221, 229, 229, 238 (5)","May: 234.33, Jun: 223.33, Jul: 225.17, Aug: 225.67, Oct: 237.00",0,0,0
2019,42,17,4.6,"Crockett, Damarea (HOU, RB)® (R42)",227.17,220.25,220.25,"202, 217, 229, 233 (4)","May: 240.17, Aug: 227.17",0,0,0
2019,43,18,4.7,"Ollison, Qadree (ATL, RB, Age: 23)® (R43)",231.33,221.67,221.67,"204, 227, 234 (3)","May: 239.33, Jun: 237.33, Jul: 234.67, Aug: 231.33, Dec: 231.50",0,0,0
2019,44,19,4.8,"Weber, Mike (DAL, RB, Age: 22)® (R44)",231.83,213.5,213.5,"187, 240 (2)","Feb: 233.33, Mar: 182.50, Apr: 182.50, May: 226.17, Jun: 239.50, Jul: 231.83, Aug: 231.83",0,0,0
2019,45,18,4.9,"Harmon, Kelvin (WAS, WR, Age: 23)® (R45)",233.17,229.25,229.25,"225, 226, 229, 237 (4)","Feb: 66.50, Mar: 72.00, Apr: 87.50, May: 129.17, Jun: 202.17, Jul: 210.17, Aug: 233.17, Sep: 225.67, Oct: 216.50, Nov: 230.00, Dec: 168.75 ( 61 )",31,24,17
2019,46,20,4.1,"Scarlett, Jordan (CAR, RB)® (R46)",233.17,194,194,194 (1),"Mar: 238.33, Aug: 233.17",7,6,5
2019,47,19,4.11,"Jennings, Gary (SEA, WR)® (R47)",233.67,219,219,"208, 230 (2)","May: 233.50, Jun: 209.67, Jul: 226.33, Aug: 233.67",0,0,0
2019,48,20,4.12,"Meyers, Jakobi (NEP, WR)® (R48)",233.83,230.25,230.25,"221, 231, 232, 237 (4)","Aug: 233.83, Sep: 205.33, Oct: 206.75, Nov: 220.50, Dec: 176.25 ( 44 )",38,30,23
2019,49,21,5.1,"Holyfield, Elijah (CAR, RB)® (R49)",235.83,210,210,210 (1),"Feb: 129.50, Mar: 188.67, Apr: 223.17, May: 240.83, Aug: 235.83",0,0,0
2019,50,21,5.2,"Slayton, Darius (NYG, WR)® (R50)",235.83,230.67,230.67,"226, 227, 239 (3)","Jul: 233.83, Aug: 235.83, Oct: 193.75, Nov: 147.25, Dec: 120.25 ( 27 )",86,68,51
2019,51,22,5.3,"Johnson, Ty (DET, RB)® (R51)",235.83,230.67,230.67,"227, 230, 235 (3)","Aug: 235.83, Sep: 207.50, Oct: 222.50, Nov: 178.50, Dec: 217.00 ( 39 )",74,62,49
2019,52,6,5.4,"Oliver, Josh (JAC, TE)® (R52)",237.67,234.33,234.33,"228, 235, 240 (3)","May: 231.00, Jun: 203.33, Jul: 212.83, Aug: 237.67, Oct: 223.25, Nov: 226.75, Dec: 218.00",0,0,0
2019,53,22,5.5,"Winfree, Juwann (DEN, WR, Age: 23)® (R53)",238.5,226,226,226 (1),"Aug: 238.50, Sep: 237.17, Dec: 239.50",7,5,3
2019,54,23,5.6,"Ridley, Riley (CHI, WR, Age: 23)® (R54)",239,235,235,"231, 239 (2)","Feb: 165.67, Mar: 195.00, Apr: 202.33, May: 209.83, Jun: 233.83, Jul: 235.67, Aug: 239.00",0,0,0
2019,55,23,5.7,"Williams, Trayveon (CIN, RB, Age: 22)® (R55)",239.5,232,232,232 (1),"Feb: 162.83, Mar: 151.17, Apr: 180.67, May: 215.00, Jun: 231.67, Jul: 238.00, Aug: 239.50, Sep: 235.67, Oct: 237.75, Dec: 239.00",3,2,2
2019,56,7,5.8,"Warring, Kahale (HOU, TE, Age: 22)® (R56)",240.17,236,236,236 (1),"May: 231.17, Jun: 220.17, Jul: 228.50, Aug: 240.17, Oct: 236.00, Nov: 233.00, Dec: 224.75",29,23,17
2019,57,24,5.9,"Butler, Emmanuel (NOS, WR, Age: 23)® (R57)",240.33,237,237,237 (1),Aug: 240.33,0,0,0
2019,58,25,5.1,"Morgan, Stanley (CIN, WR, Age: 22)® (R58)",240.5,238,238,238 (1),Aug: 240.50,0,0,0
2019,59,4,5.11,"Grier, Will (CAR, QB, Age: 24)® (R59)",240.83,240,240,240 (1),"Mar: 238.50, May: 239.17, Jun: 233.00, Aug: 240.83",,,
2020,1,1,1.1,"Edwards-Helaire, Clyde (KCC, RB, Age: 21)® (R1)",5.5,5.5,5.75,"3, 4, 6, 6, 7, 7 (6)","Feb: 59.33, Mar: 60.17, Apr: 53.50, May: 13.50, Jun: 13.00, Jul: 15.50, Aug: 5.50, Sep: 5.33, Oct: 4.25, Nov: 6.50, Dec: 14.00",249,229,209
2020,2,2,1.2,"Taylor, Jonathan (IND, RB, Age: 21)® (R2)",14.67,14.67,15,"12, 14, 15, 15, 16, 16 (6)","Feb: 31.83, Mar: 18.17, Apr: 18.00, May: 14.67, Jun: 15.17, Jul: 16.00, Aug: 14.67, Sep: 11.17, Oct: 5.00, Nov: 6.50, Dec: 19.75 ( 13 )",236,219,202
2020,3,3,1.3,"Dobbins, J.K. (BAL, RB, Age: 21)® (R3)",26.5,26.5,27,"20, 20, 28, 29, 31, 31 (6)","Feb: 37.83, Mar: 32.17, Apr: 38.33, May: 20.67, Jun: 24.33, Jul: 24.83, Aug: 26.50, Sep: 29.00, Oct: 16.00, Nov: 18.50, Dec: 23.50",159,144,130
2020,4,4,1.4,"Swift, D'Andre (DET, RB, Age: 21)® (R4)",26.83,26.83,27.25,"21, 24, 24, 30, 31, 31 (6)","Feb: 25.00, Mar: 23.17, Apr: 29.17, May: 25.83, Jun: 33.50, Jul: 29.83, Aug: 26.83, Sep: 30.33, Oct: 31.50, Nov: 20.25, Dec: 10.50",153,126,98
2020,5,5,1.5,"Akers, Cam (LAR, RB, Age: 21)® (R5)",30.5,30.5,30,"26, 26, 29, 30, 35, 37 (6)","Feb: 48.17, Mar: 40.67, Apr: 47.33, May: 29.67, Jun: 30.83, Jul: 30.33, Aug: 30.50, Sep: 29.83, Oct: 31.00, Nov: 37.00, Dec: 44.75",212,196,180
2020,6,1,1.6,"Lamb, CeeDee (DAL, WR, Age: 21)® (R6)",44.5,44.5,44.75,"39, 42, 42, 47, 48, 49 (6)","Feb: 41.33, Mar: 36.50, Apr: 38.33, May: 35.83, Jun: 43.67, Jul: 44.17, Aug: 44.50, Sep: 44.17, Oct: 32.00, Nov: 12.75, Dec: 18.00",134,105,77
2020,7,2,1.7,"Jeudy, Jerry (DEN, WR, Age: 21)® (R7)",48.5,48.5,48.75,"45, 47, 49, 49, 50, 51 (6)","Feb: 41.17, Mar: 40.33, Apr: 46.00, May: 42.17, Jun: 47.83, Jul: 50.50, Aug: 48.50, Sep: 53.00, Oct: 45.00, Nov: 44.75, Dec: 42.75",159,127,96
2020,8,3,1.8,"Reagor, Jalen (PHI, WR, Age: 21)® (R8)",56,56,55.75,"50, 52, 54, 58, 59, 63 (6)","Feb: 57.33, Mar: 59.17, Apr: 77.67, May: 50.83, Jun: 61.33, Jul: 61.17, Aug: 56.00, Sep: 67.17, Oct: 60.75, Nov: 60.00, Dec: 57.75",40,32,23
2020,9,4,1.9,"Jefferson, Justin (MIN, WR, Age: 21)® (R9)",56.83,56.83,57.25,"47, 54, 57, 58, 60, 65 (6)","Feb: 105.33, Mar: 82.50, Apr: 68.67, May: 54.83, Jun: 58.50, Jul: 65.83, Aug: 56.83, Sep: 70.83, Oct: 49.00, Nov: 26.75, Dec: 19.00",160,130,100
2020,10,5,1.1,"Ruggs, Henry (LVR, WR, Age: 21)® (R10)",70.5,70.5,71,"63, 65, 72, 72, 75, 76 (6)","Feb: 74.00, Mar: 84.00, Apr: 74.67, May: 62.83, Jun: 79.50, Jul: 77.17, Aug: 70.50, Sep: 73.17, Oct: 69.25, Nov: 73.50, Dec: 98.25 ( 25 )",115,94,72
2020,11,6,1.11,"Aiyuk, Brandon (SFO, WR, Age: 22)® (R11)",83.67,83.67,84,"61, 63, 87, 93, 93, 105 (6)","Feb: 134.00, Mar: 133.50, Apr: 120.83, May: 83.17, Jun: 101.67, Jul: 101.67, Aug: 83.67, Sep: 94.17, Oct: 82.75, Nov: 62.50, Dec: 56.25",123,102,81
2020,12,6,1.12,"Vaughn, Ke'Shawn (TBB, RB, Age: 23)® (R12)",89.5,89.5,90.75,"80, 89, 91, 91, 92, 94 (6)","Feb: 129.00, Mar: 128.50, Apr: 134.17, May: 67.00, Jun: 80.00, Jul: 75.17, Aug: 89.50, Sep: 148.00, Oct: 167.00, Nov: 165.00, Dec: 182.25 ( 17 )",144,120,97
2020,13,7,2.1,"Higgins, Tee (CIN, WR, Age: 21)® (R13)",89.67,89.67,91,"71, 77, 94, 96, 97, 103 (6)","Feb: 77.17, Mar: 82.17, Apr: 87.00, May: 62.17, Jun: 82.67, Jul: 85.83, Aug: 89.67, Sep: 92.17, Oct: 79.00, Nov: 41.75, Dec: 28.00 ( 14 )",66,49,32
2020,14,8,2.2,"Pittman, Michael (IND, WR, Age: 23)® (R14)",90.17,90.17,89.5,"82, 84, 84, 90, 100, 101 (6)","Feb: 157.17, Mar: 158.33, Apr: 143.50, May: 71.17, Jun: 82.50, Jul: 89.33, Aug: 90.17, Sep: 88.50, Oct: 99.25, Nov: 93.00, Dec: 66.00 ( 27 )",115,87,59
2020,15,9,2.3,"Mims, Denzel (NYJ, WR, Age: 23)® (R15)",95.33,95.33,97,"74, 82, 98, 100, 108, 110 (6)","Feb: 157.83, Mar: 90.83, Apr: 91.33, May: 72.00, Jun: 90.67, Jul: 91.17, Aug: 95.33, Sep: 115.33, Oct: 109.75, Nov: 85.75, Dec: 63.25 ( 22 )",115,87,58
2020,16,7,2.4,"Dillon, AJ (GBP, RB, Age: 22)® (R16)",103.17,103.17,104.75,"92, 102, 104, 106, 107, 108 (6)","Feb: 168.00, Mar: 128.33, Apr: 125.17, May: 110.33, Jun: 115.67, Jul: 115.00, Aug: 103.17, Sep: 115.33, Oct: 150.00, Nov: 124.25, Dec: 118.25",90,79,67
2020,17,8,2.5,"Moss, Zack (BUF, RB, Age: 22)® (R17)",104.83,104.83,104.5,"85, 96, 103, 104, 115, 126 (6)","Feb: 87.83, Mar: 107.33, Apr: 120.50, May: 97.67, Jun: 112.83, Jul: 99.17, Aug: 104.83, Sep: 82.33, Oct: 101.25, Nov: 89.00, Dec: 82.50",7,5,3
2020,18,10,2.6,"Shenault, Laviska (JAC, WR, Age: 22)® (R18)",105.33,105.33,107.75,"87, 99, 108, 111, 113, 114 (6)","Feb: 80.67, Mar: 111.00, Apr: 105.33, May: 83.17, Jun: 99.17, Jul: 102.00, Aug: 105.33, Sep: 91.50, Oct: 79.00, Nov: 65.50, Dec: 71.25",1,0,-2
2020,19,9,2.7,"Gibson, Antonio (WAS, RB)® (R19)",111.33,111.33,111.25,"95, 107, 109, 109, 120, 128 (6)","Feb: 231.00, Mar: 146.83, Apr: 153.17, May: 125.33, Jun: 122.33, Jul: 116.17, Aug: 111.33, Sep: 72.67, Oct: 60.00, Nov: 42.25, Dec: 23.00 ( 19 )",19,16,13
2020,20,11,2.8,"Edwards, Bryan (LVR, WR, Age: 22)® (R20)",118.5,118.5,119.75,"107, 117, 119, 121, 122, 125 (6)","Feb: 98.00, Mar: 125.50, Apr: 128.00, May: 98.17, Jun: 109.00, Jul: 110.67, Aug: 118.50, Sep: 87.17, Oct: 134.50, Nov: 99.75, Dec: 95.75",0,0,0
2020,21,1,2.9,"Burrow, Joe (CIN, QB, Age: 23)® (R21)",118.83,118.83,118.75,"102, 102, 120, 121, 132, 136 (6)","Feb: 127.67, Mar: 132.33, Apr: 112.17, May: 96.50, Jun: 110.50, Jul: 114.67, Aug: 118.83, Sep: 110.00, Oct: 99.25, Nov: 85.75, Dec: 88.75",139,139,139
2020,22,2,2.1,"Tagovailoa, Tua (MIA, QB, Age: 22)® (R22)",127.83,127.83,129.5,"107, 122, 123, 136, 137, 142 (6)","Feb: 140.33, Mar: 130.83, Apr: 133.00, May: 126.50, Jun: 118.33, Jul: 121.83, Aug: 127.83, Sep: 140.33, Oct: 169.00, Nov: 120.50, Dec: 110.00",44,44,44
2020,23,10,2.11,"McFarland, Anthony (PIT, RB)® (R23)",133.33,133.33,134.75,"111, 124, 132, 141, 142, 150 (6)","Feb: 197.50, Mar: 174.67, Apr: 174.00, May: 133.67, Jun: 134.50, Jul: 133.33, Aug: 133.33, Sep: 159.00, Oct: 176.75, Nov: 152.50, Dec: 197.25 ( 45 )",4,3,3
2020,24,12,2.12,"Claypool, Chase (PIT, WR, Age: 22)® (R24)",141.33,141.33,138.75,"131, 133, 135, 135, 152, 162 (6)","Mar: 175.17, Apr: 189.50, May: 113.00, Jun: 159.17, Jul: 158.83, Aug: 141.33, Sep: 139.00, Oct: 142.50, Nov: 49.25, Dec: 44.00",19,14,8
2020,25,11,3.1,"Evans, Darrynton (TEN, RB, Age: 22)® (R25)",144.83,144.83,142.75,"131, 137, 141, 146, 147, 167 (6)","Feb: 227.33, Mar: 193.33, Apr: 161.50, May: 140.33, Jun: 138.50, Jul: 137.67, Aug: 144.83, Sep: 163.67, Oct: 178.25, Nov: 165.00, Dec: 222.25 ( 57 )",78,66,54
2020,26,12,3.2,"Kelley, Joshua (LAC, RB, Age: 23)® (R26)",148.17,148.17,145.75,"143, 143, 145, 147, 148, 163 (6)","Feb: 214.67, Mar: 214.50, Apr: 199.17, May: 135.83, Jun: 153.67, Jul: 150.33, Aug: 148.17, Sep: 135.83, Oct: 88.25, Nov: 150.50, Dec: 143.75",11,9,7
2020,27,13,3.3,"Bowden, Lynn (LVR, RB, Age: 23)® (R27)",159.17,159.17,159,"140, 151, 151, 163, 171, 179 (6)","Feb: 239.50, Mar: 218.33, Apr: 169.17, May: 150.33, Jun: 164.83, Jul: 170.33, Aug: 159.17, Sep: 182.67, Nov: 238.75, Dec: 233.00",32,26,20
2020,28,13,3.4,"Jefferson, Van (LAR, WR, Age: 24)® (R28)",163.5,163.5,164.75,"145, 157, 161, 165, 176, 177 (6)","Feb: 225.83, Mar: 218.33, Apr: 235.33, May: 152.00, Jun: 176.67, Jul: 186.17, Aug: 163.50, Sep: 120.50, Oct: 171.25, Nov: 191.75, Dec: 175.50 ( 16 )",13,10,7
2020,29,14,3.5,"Hamler, KJ (DEN, WR, Age: 21)® (R29)",167,167,166,"152, 156, 168, 170, 170, 186 (6)","Feb: 134.17, Mar: 154.17, Apr: 154.50, May: 143.33, Jun: 155.83, Jul: 163.17, Aug: 167.00, Sep: 180.33, Oct: 156.75, Nov: 134.00, Dec: 121.75 ( 12 )",61,47,32
2020,30,15,3.6,"Gandy-Golden, Antonio (WAS, WR, Age: 22)® (R30)",168,168,172.75,"128, 156, 175, 179, 181, 189 (6)","Feb: 158.50, Mar: 161.33, Apr: 169.00, May: 177.83, Jun: 198.67, Jul: 202.83, Aug: 168.00, Sep: 196.00, Nov: 226.00, Dec: 233.75",0,0,0
2020,31,1,3.7,"Trautman, Adam (NOS, TE, Age: 23)® (R31)",174.83,174.83,178,"146, 165, 173, 183, 191, 191 (6)","Feb: 208.67, Mar: 207.00, Apr: 239.00, May: 177.67, Jun: 202.33, Jul: 203.33, Aug: 174.83, Sep: 191.17, Nov: 203.50, Dec: 183.75 ( 20 )",0,0,0
2020,32,16,3.8,"Duvernay, Devin (BAL, WR, Age: 23)® (R32)",186.17,186.17,186.75,"169, 183, 187, 188, 189, 201 (6)","Feb: 211.83, Mar: 198.00, Apr: 192.33, May: 178.33, Jun: 190.00, Jul: 166.17, Aug: 186.17, Sep: 175.67, Oct: 226.25, Nov: 187.50, Dec: 192.75",0,0,0
2020,33,2,3.9,"Asiasi, Devin (NEP, TE, Age: 23)® (R33)",203.83,166.67,166.67,"110, 195, 195 (3)","May: 216.33, Jun: 230.33, Jul: 218.83, Aug: 203.83, Sep: 203.83, Nov: 231.25",107,89,71
2020,34,14,3.1,"Perine, Lamical (NYJ, RB, Age: 22)® (R34)",207.33,190.5,190.5,"163, 197, 200, 202 (4)","Feb: 206.17, Mar: 211.00, Apr: 237.17, May: 176.50, Jun: 188.17, Jul: 189.50, Aug: 207.33, Sep: 201.83, Oct: 224.00, Nov: 168.50, Dec: 166.00",0,0,0
2020,35,15,3.11,"Dallas, DeeJay (SEA, RB, Age: 22)® (R35)",211,196,196,"176, 194, 199, 215 (4)","Feb: 224.00, Mar: 222.33, Apr: 220.33, May: 176.67, Jun: 206.67, Jul: 213.50, Aug: 211.00, Sep: 171.67, Oct: 225.75, Nov: 155.50, Dec: 189.50 ( 34 )",0,0,0
2020,36,17,3.12,"Cephus, Quintez (DET, WR, Age: 22)® (R36)",211.67,197,197,"192, 193, 196, 207 (4)","Feb: 219.00, Mar: 239.33, Apr: 237.83, May: 215.50, Jun: 211.50, Jul: 216.00, Aug: 211.67, Sep: 180.00, Oct: 227.75, Nov: 203.00, Dec: 205.25",0,0,0
2020,37,16,4.1,"Benjamin, Eno (ARI, RB, Age: 20)® (R37)",217,193,193,"172, 190, 217 (3)","Feb: 157.50, Mar: 137.17, Apr: 162.33, May: 189.67, Jun: 193.83, Jul: 207.83, Aug: 217.00, Sep: 195.83, Nov: 235.75, Dec: 229.00",1,1,1
2020,38,18,4.2,"Johnson, Tyler (TBB, WR, Age: 22)® (R38)",220.83,200.67,200.67,"185, 200, 217 (3)","Feb: 124.33, Mar: 148.50, Apr: 159.67, May: 190.50, Jun: 198.17, Jul: 191.50, Aug: 220.83, Sep: 230.83, Nov: 160.50, Dec: 223.25 ( 63 )",41,32,22
2020,39,3,4.3,"Kmet, Cole (CHI, TE, Age: 21)® (R39)",222,184,184,"183, 185 (2)","Feb: 188.67, Mar: 187.83, Apr: 210.00, May: 161.83, Jun: 179.17, Jul: 176.50, Aug: 222.00, Sep: 210.50, Nov: 200.75, Dec: 171.25 ( 29 )",94,78,61
2020,40,3,4.4,"Herbert, Justin (LAC, QB, Age: 22)® (R40)",222.67,186,186,"185, 187 (2)","Feb: 177.50, Mar: 193.67, Apr: 185.00, May: 168.33, Jun: 196.00, Jul: 177.00, Aug: 222.67, Sep: 209.83, Oct: 169.50, Nov: 87.75, Dec: 73.75 ( 14 )",52,52,52
2020,41,4,4.5,"Love, Jordan (GBP, QB, Age: 22)® (R41)",236,211,211,211 (1),"Feb: 224.00, Mar: 216.67, Apr: 215.50, May: 206.67, Jun: 233.83, Jul: 233.67, Aug: 236.00, Sep: 236.00, Dec: 237.25",-2,-2,-2
2020,42,19,4.6,"Peoples-Jones, Donovan (CLE, WR, Age: 21)® (R42)",236.33,213,213,213 (1),"Feb: 197.50, Mar: 166.00, Apr: 191.83, May: 213.67, Jun: 239.67, Aug: 236.33, Nov: 225.00, Dec: 222.00",,,
2021,1,1,1.1,"Harris, Najee (PIT, RB) (R1)",11.33,11.33,11.25,"6, 9, 11, 12, 13, 17 (6)","Feb: 28.67, Mar: 27.50, Apr: 25.67, May: 18.50, Jun: 19.33, Jul: 17.67, Aug: 11.33, Sep: 9.50, Oct: 10.75, Nov: 4.25",,,
2021,2,1,1.2,"Chase, Ja'Marr (CIN, WR) (R2)",26.83,26.83,26.5,"22, 24, 27, 27, 28, 33 (6)","Feb: 39.17, Mar: 36.50, Apr: 30.67, May: 20.83, Jun: 30.50, Jul: 25.33, Aug: 26.83, Sep: 26.50, Oct: 11.50, Nov: 1.25",,,
2021,3,1,1.3,"Pitts, Kyle (ATL, TE) (R3)",28.5,28.5,28,"24, 25, 27, 30, 30, 35 (6)","Feb: 65.00, Mar: 57.17, Apr: 43.67, May: 36.83, Jun: 33.17, Jul: 29.83, Aug: 28.50, Sep: 23.67, Oct: 19.50, Nov: 11.00",,,
2021,4,2,1.4,"Etienne, Travis (JAC, RB) (R4)",30.83,30.83,30.25,"24, 25, 31, 31, 34, 40 (6)","Feb: 35.33, Mar: 36.00, Apr: 30.83, May: 31.33, Jun: 33.17, Jul: 35.33, Aug: 30.83, Sep: 66.17, Oct: 58.50, Nov: 52.50",,,
2021,5,3,1.5,"Williams, Javonte (DEN, RB) (R5)",32,32,32.25,"25, 30, 31, 32, 36, 38 (6)","Feb: 60.67, Mar: 50.33, Apr: 38.33, May: 39.67, Jun: 34.17, Jul: 36.33, Aug: 32.00, Sep: 36.33, Oct: 31.00, Nov: 24.00",,,
2021,6,4,1.6,"Sermon, Trey (SFO, RB) (R6)",57,57,57.75,"38, 44, 60, 61, 66, 73 (6)","Feb: 133.00, Mar: 126.83, Apr: 114.17, May: 67.67, Jun: 70.50, Jul: 54.83, Aug: 57.00, Sep: 60.50, Oct: 80.25, Nov: 138.50 ( 58 )",,,
2021,7,5,1.7,"Carter, Michael (NYJ, RB) (R7)",63.5,63.5,63.75,"52, 54, 63, 69, 69, 74 (6)","Feb: 170.17, Mar: 120.50, Apr: 106.00, May: 102.00, Jun: 86.17, Jul: 76.83, Aug: 63.50, Sep: 96.33, Oct: 92.75, Nov: 63.50 ( 29 )",,,
2021,8,2,1.8,"Smith, DeVonta (PHI, WR) (R8)",90.33,60.2,60,"49, 58, 58, 64, 72 (5)","Feb: 51.83, Mar: 51.00, Apr: 53.33, May: 57.67, Jun: 59.33, Jul: 58.17, Aug: 90.33, Sep: 61.33, Oct: 52.00, Nov: 45.50",,,
2021,9,3,1.9,"Moore, Elijah (NYJ, WR) (R9)",92.67,63,64,"49, 61, 64, 67, 74 (5)","Feb: 135.17, Mar: 102.33, Apr: 93.33, May: 91.17, Jun: 84.17, Jul: 81.83, Aug: 92.67, Sep: 71.33, Oct: 85.25, Nov: 71.00 ( 14 )",,,
2021,10,4,1.1,"Waddle, Jaylen (MIA, WR) (R10)",95.83,66.8,66.67,"56, 66, 67, 67, 78 (5)","Feb: 65.83, Mar: 70.50, Apr: 65.33, May: 59.00, Jun: 62.83, Jul: 67.33, Aug: 95.83, Sep: 57.50, Oct: 57.00, Nov: 55.25",,,
2021,11,5,1.11,"Bateman, Rashod (BAL, WR) (R11)",97.33,68.6,70.33,"57, 66, 72, 73, 75 (5)","Feb: 73.17, Mar: 58.00, Apr: 62.67, May: 74.83, Jun: 76.17, Jul: 67.67, Aug: 97.33, Sep: 74.67, Oct: 64.25, Nov: 59.50",,,
2021,12,1,1.12,"Lawrence, Trevor (JAC, QB) (R12)",107.83,81.2,82.67,"65, 77, 82, 89, 93 (5)","Feb: 84.00, Mar: 89.67, Apr: 91.00, May: 80.67, Jun: 83.00, Jul: 78.00, Aug: 107.83, Sep: 99.00, Oct: 110.50, Nov: 97.25 ( 13 )",,,
2021,13,6,2.1,"Marshall, Terrace (CAR, WR) (R13)",131.5,76.75,76.75,"68, 68, 84, 87 (4)","Feb: 96.17, Mar: 80.83, Apr: 86.83, May: 89.00, Jun: 95.33, Jul: 94.00, Aug: 131.50, Sep: 76.50, Oct: 79.00, Nov: 88.25",,,
2021,14,7,2.2,"Moore, Rondale (ARI, WR) (R14)",134.33,81,81,"73, 77, 84, 90 (4)","Feb: 69.50, Mar: 64.00, Apr: 76.50, May: 79.83, Jun: 78.33, Jul: 87.17, Aug: 134.33, Sep: 78.17, Oct: 65.50, Nov: 75.00",,,
2021,15,2,2.3,"Lance, Trey (SFO, QB) (R15)",166.83,92.67,92.67,"85, 86, 107 (3)","Feb: 170.33, Mar: 151.33, Apr: 162.00, May: 111.33, Jun: 102.00, Jul: 92.00, Aug: 166.83, Sep: 114.50, Oct: 103.00, Nov: 107.50",,,
2021,16,3,2.4,"Fields, Justin (CHI, QB) (R16)",169.5,98,98,"89, 91, 114 (3)","Feb: 134.67, Mar: 136.83, Apr: 120.17, May: 122.17, Jun: 115.83, Jul: 102.00, Aug: 169.50, Sep: 101.33, Oct: 125.25, Nov: 111.25 ( 14 )",,,
2021,17,8,2.5,"Brown, Dyami (WAS, WR) (R17)",200.5,119.5,119.5,"88, 151 (2)","Feb: 135.17, Mar: 130.67, Apr: 105.17, May: 133.00, Jun: 192.00, Jul: 130.17, Aug: 200.50, Sep: 140.67, Oct: 148.75, Nov: 149.25",,,
2021,18,9,2.6,"Toney, Kadarius (NYG, WR) (R18)",221.67,125,125,125 (1),"Feb: 126.33, Mar: 115.83, Apr: 112.33, May: 110.00, Jun: 118.00, Jul: 122.33, Aug: 221.67, Sep: 154.67, Oct: 119.75, Nov: 72.25 ( 47 )",,,
2021,19,10,2.7,"Rodgers, Amari (GBP, WR) (R19)",223,133,133,133 (1),"Feb: 212.33, Mar: 199.33, Apr: 161.67, May: 150.17, Jun: 153.67, Jul: 155.83, Aug: 223.00, Sep: 193.00, Oct: 214.25, Nov: 179.25 ( 35 )",,,
2021,20,6,2.8,"Gainwell, Kenneth (PHI, RB) (R20)",224.33,141,141,141 (1),"Feb: 113.00, Mar: 84.50, Apr: 79.17, May: 140.00, Jun: 187.50, Jul: 152.00, Aug: 224.33, Sep: 147.50, Oct: 103.75, Nov: 125.00 ( 21 )",,,
2021,21,2,2.9,"Freiermuth, Pat (PIT, TE) (R21)",224.67,143,143,143 (1),"Feb: 183.83, Mar: 152.33, Apr: 171.50, May: 147.67, Jun: 173.83, Jul: 145.33, Aug: 224.67, Sep: 151.50, Oct: 139.75, Nov: 109.75 ( 30 )",,,
2021,22,11,2.1,"St. Brown, Amon-Ra (DET, WR) (R22)",224.83,144,144,144 (1),"Feb: 139.33, Mar: 117.83, Apr: 131.00, May: 129.00, Jun: 124.33, Jul: 144.17, Aug: 224.83, Sep: 142.67, Oct: 128.25, Nov: 147.50 ( 19 )",,,
2021,23,7,2.11,"Hubbard, Chuba (CAR, RB) (R23)",225.5,148,148,148 (1),"Feb: 124.67, Mar: 99.00, Apr: 95.17, May: 137.67, Jun: 199.00, Jul: 149.50, Aug: 225.50, Sep: 156.83, Oct: 134.25, Nov: 123.00",,,
2021,24,12,2.12,"Palmer, Josh (LAC, WR) (R24)",225.67,149,149,149 (1),"May: 173.67, Jun: 189.50, Jul: 174.83, Aug: 225.67, Sep: 149.83, Oct: 175.50, Nov: 170.00",,,
2021,25,13,3.1,"Collins, Nico (HOU, WR) (R25)",226.17,152,152,152 (1),"Feb: 235.33, Mar: 230.17, Apr: 199.00, May: 161.83, Jun: 187.17, Jul: 160.50, Aug: 226.17, Sep: 161.83, Oct: 183.50, Nov: 147.75 ( 36 )",,,
2021,26,8,3.2,"Stevenson, Rhamondre (NEP, RB) (R26)",227.5,160,160,160 (1),"Feb: 230.33, Mar: 167.17, Apr: 212.17, May: 181.00, Jun: 161.00, Jul: 148.33, Aug: 227.50, Sep: 123.00, Oct: 159.00, Nov: 132.25 ( 27 )",,,
2021,27,14,3.3,"Eskridge, D'Wayne (SEA, WR) (R27)",227.67,161,161,161 (1),"Feb: 206.67, Mar: 215.00, Apr: 205.50, May: 169.17, Jun: 206.83, Jul: 166.17, Aug: 227.67, Sep: 175.67, Oct: 198.25, Nov: 201.75",,,
2021,28,4,3.4,"Wilson, Zach (NYJ, QB) (R28)",228,163,163,163 (1),"Feb: 171.33, Mar: 152.17, Apr: 152.33, May: 160.17, Jun: 186.83, Jul: 135.17, Aug: 228.00, Sep: 147.67, Oct: 170.75, Nov: 170.75",,,
2021,29,3,3.5,"Long, Hunter (MIA, TE) (R29)",231.83,186,186,186 (1),"Mar: 238.17, Apr: 224.33, May: 237.83, Jun: 238.50, Jul: 229.67, Aug: 231.83, Sep: 229.17",,,
2021,30,9,3.6,"Mitchell, Elijah (SFO, RB) (R30)",232.5,190,190,190 (1),"Mar: 232.17, Apr: 173.67, May: 204.83, Jun: 214.83, Jul: 194.00, Aug: 232.50, Sep: 154.17, Oct: 99.25, Nov: 71.25 ( 28 )",,,
2021,31,5,3.7,"Jones, Mac (NEP, QB) (R31)",232.83,192,192,192 (1),"Feb: 233.67, Mar: 196.33, Apr: 213.67, May: 179.83, Jun: 222.83, Jul: 168.17, Aug: 232.83, Sep: 149.50, Oct: 156.75, Nov: 152.25",,,
2021,32,10,3.8,"Hawkins, Javian (ATL, RB) (R32)",234.33,201,201,201 (1),"Feb: 233.17, Mar: 189.50, Apr: 240.00, May: 229.00, Jun: 228.50, Jul: 218.17, Aug: 234.33",,,
2021,33,15,3.9,"Smith-Marsette, Ihmir (MIN, WR) (R33)",234.5,202,202,202 (1),"Jun: 238.67, Jul: 219.17, Aug: 234.50, Sep: 232.33",,,
2021,34,11,3.1,"Hill, Kylin (GBP, RB) (R34)",235.83,210,210,210 (1),"Feb: 227.67, Mar: 159.83, Apr: 197.83, Jul: 235.50, Aug: 235.83, Sep: 211.00, Oct: 195.75, Nov: 209.75 ( 14 )",,,
2021,35,6,3.11,"Mond, Kellen (MIN, QB) (R35)",236.67,215,215,215 (1),"Mar: 236.67, Apr: 236.67, May: 239.67, Jul: 232.67, Aug: 236.67",,,
2021,36,12,3.12,"Rountree, Larry (LAC, RB) (R36)",237.83,222,222,222 (1),"Mar: 215.17, May: 226.00, Jun: 231.83, Jul: 224.17, Aug: 237.83, Sep: 218.83, Oct: 228.50, Nov: 238.75",,,
2022,1,1,1.1,"Hall, Breece (NYJ, RB, Age: 21) (R1)",15.83,15.83,15.25,"8, 12, 14, 15, 20, 26 (6)","Feb: 43.83, Mar: 23.00, Apr: 17.33, May: 14.17, Jun: 13.83, Jul: 13.17, Aug: 15.83, Sep: 14.50",,,
2022,2,1,1.2,"London, Drake (ATL, WR, Age: 21) (R2)",36.17,36.17,36.25,"26, 32, 33, 35, 45, 46 (6)","Feb: 63.50, Mar: 48.83, Apr: 53.50, May: 28.33, Jun: 30.83, Jul: 33.00, Aug: 36.17, Sep: 32.83",,,
2022,3,2,1.3,"Walker III, Kenneth (SEA, RB, Age: 21) (R3)",45.67,45.67,46.75,"34, 44, 46, 47, 50, 53 (6)","Feb: 83.67, Mar: 44.83, Apr: 40.17, May: 37.67, Jun: 31.17, Jul: 46.17, Aug: 45.67, Sep: 54.17",,,
2022,4,2,1.4,"Burks, Treylon (TEN, WR, Age: 22) (R4)",47.5,47.5,47.75,"40, 47, 47, 48, 49, 54 (6)","Feb: 45.50, Mar: 34.17, Apr: 45.50, May: 34.50, Jun: 36.50, Jul: 56.67, Aug: 47.50, Sep: 66.50 ( 19 )",,,
2022,5,3,1.5,"Wilson, Garrett (NYJ, WR, Age: 22) (R5)",57.67,57.67,56.75,"48, 50, 56, 59, 62, 71 (6)","Feb: 57.33, Mar: 42.67, Apr: 42.83, May: 43.50, Jun: 44.00, Jul: 48.50, Aug: 57.67, Sep: 63.83",,,
2022,6,4,1.6,"Olave, Chris (NOS, WR, Age: 22) (R6)",58.17,58.17,57,"49, 51, 57, 59, 61, 72 (6)","Feb: 80.50, Mar: 73.83, Apr: 66.50, May: 68.17, Jun: 56.17, Jul: 61.33, Aug: 58.17, Sep: 59.67",,,
2022,7,5,1.7,"Williams, Jameson (DET, WR, Age: 21) (R7)",68.5,68.5,67.75,"60, 62, 66, 67, 76, 80 (6)","Feb: 75.50, Mar: 76.50, Apr: 61.50, May: 55.00, Jun: 49.00, Jul: 63.50, Aug: 68.50, Sep: 67.83",,,
2022,8,6,1.8,"Moore, Skyy (KCC, WR, Age: 21) (R8)",73,73,75.25,"54, 63, 74, 82, 82, 83 (6)","Feb: 141.00, Mar: 105.33, Apr: 96.83, May: 72.00, Jun: 69.00, Jul: 75.00, Aug: 73.00, Sep: 80.33",,,
2022,9,7,1.9,"Pickens, George (PIT, WR, Age: 21) (R9)",76.67,76.67,77.75,"61, 65, 74, 85, 87, 88 (6)","Feb: 98.50, Mar: 84.67, Apr: 90.50, May: 81.67, Jun: 81.67, Jul: 97.17, Aug: 76.67, Sep: 62.17 ( 14 )",,,
2022,10,3,1.1,"Cook, James (BUF, RB, Age: 22) (R10)",80.5,80.5,83.75,"50, 71, 78, 91, 95, 98 (6)","Feb: 176.67, Mar: 152.67, Apr: 136.83, May: 87.83, Jun: 81.33, Jul: 87.67, Aug: 80.50, Sep: 90.83",,,
2022,11,8,1.11,"Dotson, Jahan (WAS, WR, Age: 22) (R11)",88.83,88.83,89.25,"75, 80, 89, 93, 95, 101 (6)","Feb: 125.50, Mar: 120.33, Apr: 98.83, May: 86.17, Jun: 84.00, Jul: 91.83, Aug: 88.83, Sep: 85.50",,,
2022,12,9,1.12,"Watson, Christian (GBP, WR, Age: 23) (R12)",92,92,93.75,"71, 86, 89, 100, 100, 106 (6)","Feb: 178.67, Mar: 118.50, Apr: 104.00, May: 82.67, Jun: 79.67, Jul: 79.00, Aug: 92.00, Sep: 151.83 ( 60 )",,,
2022,13,4,2.1,"Pierce, Dameon (HOU, RB, Age: 22) (R13)",101.17,101.17,101.75,"88, 94, 95, 109, 109, 112 (6)","Feb: 169.17, Mar: 202.67, Apr: 153.33, May: 121.00, Jun: 114.33, Jul: 111.50, Aug: 101.17, Sep: 62.50 ( 39 )",,,
2022,14,5,2.2,"White, Rachaad (TBB, RB, Age: 23) (R14)",103,103,106.25,"72, 99, 102, 106, 118, 121 (6)","Feb: 145.17, Mar: 125.67, Apr: 111.50, May: 106.17, Jun: 103.17, Jul: 105.33, Aug: 103.00, Sep: 105.50",,,
2022,15,6,2.3,"Spiller, Isaiah (LAC, RB, Age: 21) (R15)",107,107,107,"94, 101, 103, 110, 114, 120 (6)","Feb: 54.33, Mar: 49.67, Apr: 73.33, May: 121.83, Jun: 126.83, Jul: 121.00, Aug: 107.00, Sep: 174.67 ( 68 )",,,
2022,16,10,2.4,"Tolbert, Jalen (DAL, WR, Age: 23) (R16)",110.17,110.17,108.5,"98, 102, 105, 106, 121, 129 (6)","Feb: 167.67, Mar: 193.67, Apr: 161.83, May: 122.67, Jun: 134.50, Jul: 154.00, Aug: 110.17, Sep: 144.33 ( 34 )",,,
2022,17,7,2.5,"Allgeier, Tyler (ATL, RB, Age: 22) (R17)",118.83,118.83,120.25,"93, 109, 115, 125, 132, 139 (6)","Feb: 129.83, Mar: 152.50, Apr: 164.83, May: 138.17, Jun: 142.33, Jul: 151.50, Aug: 118.83, Sep: 148.50 ( 30 )",,,
2022,18,11,2.6,"Robinson, Wan'Dale (NYG, WR, Age: 21) (R18)",126,126,126.25,"107, 122, 122, 127, 134, 144 (6)","Feb: 132.67, Mar: 168.17, Apr: 163.67, May: 126.50, Jun: 125.83, Jul: 187.00, Aug: 126.00, Sep: 143.50 ( 18 )",,,
2022,19,12,2.7,"Bell, David (CLE, WR, Age: 21) (R19)",132.33,132.33,128.5,"109, 115, 115, 134, 150, 171 (6)","Feb: 99.33, Mar: 136.00, Apr: 125.67, May: 115.67, Jun: 107.67, Jul: 148.50, Aug: 132.33, Sep: 182.67 ( 50 )",,,
2022,20,13,2.8,"Pierce, Alec (IND, WR, Age: 22) (R20)",137,137,137.75,"113, 116, 133, 148, 154, 158 (6)","Feb: 222.83, Mar: 200.83, Apr: 187.17, May: 119.50, Jun: 118.50, Jul: 147.00, Aug: 137.00, Sep: 193.17 ( 56 )",,,
2022,21,8,2.9,"Robinson, Brian (WAS, RB, Age: 23) (R21)",140.33,140.33,140,"135, 137, 138, 141, 144, 147 (6)","Feb: 168.00, Mar: 144.67, Apr: 125.33, May: 131.00, Jun: 132.33, Jul: 161.33, Aug: 140.33, Sep: 108.83 ( 32 )",,,
2022,22,9,2.1,"White, Zamir (LVR, RB, Age: 22) (R22)",149.5,149.5,151.25,"127, 129, 156, 158, 162, 165 (6)","Feb: 161.67, Mar: 133.33, Apr: 106.67, May: 129.00, Jun: 150.83, Jul: 153.83, Aug: 149.50, Sep: 142.00",,,
2022,23,14,2.11,"Doubs, Romeo (GBP, WR, Age: 22) (R23)",149.83,149.83,149.5,"137, 145, 145, 152, 156, 164 (6)","Feb: 220.67, Apr: 235.00, May: 204.00, Jun: 205.33, Jul: 227.33, Aug: 149.83, Sep: 110.33 ( 40 )",,,
2022,24,1,2.12,"McBride, Trey (ARI, TE, Age: 22) (R24)",153.5,153.5,159.25,"98, 142, 164, 165, 166, 186 (6)","Feb: 171.50, Mar: 148.17, Apr: 157.83, May: 152.83, Jun: 142.67, Jul: 156.33, Aug: 153.50, Sep: 186.67 ( 33 )",,,
2022,25,10,3.1,"Davis-Price, Tyrion (SFO, RB, Age: 21) (R25)",158.17,158.17,160,"132, 133, 157, 174, 176, 177 (6)","Mar: 235.67, Apr: 237.33, May: 150.00, Jun: 145.83, Jul: 174.17, Aug: 158.17, Sep: 226.17 ( 68 )",,,
2022,26,11,3.2,"Pacheco, Isaih (KCC, RB, Age: 23) (R26)",165,165,166.75,"139, 154, 167, 167, 179, 184 (6)","May: 229.83, Jun: 228.00, Jul: 229.50, Aug: 165.00, Sep: 135.50 ( 29 )",,,
2022,27,15,3.3,"Thornton, Tyquan (NEP, WR, Age: 22) (R27)",177.83,177.83,181.25,"150, 163, 182, 188, 192, 192 (6)","Feb: 237.67, Mar: 239.00, Apr: 239.67, May: 178.33, Jun: 170.33, Jul: 201.67, Aug: 177.83, Sep: 236.17 ( 58 )",,,
2022,28,12,3.4,"Strong Jr., Pierre (NEP, RB, Age: 23) (R28)",184.33,184.33,185.75,"147, 161, 186, 193, 203, 216 (6)","Feb: 218.00, Mar: 178.17, Apr: 186.17, May: 185.50, Jun: 183.33, Jul: 211.50, Aug: 184.33, Sep: 233.33 ( 49 )",,,
2022,29,16,3.5,"Shakir, Khalil (BUF, WR, Age: 22) (R29)",186,186,187.25,"172, 176, 189, 191, 193, 195 (6)","Feb: 190.17, Mar: 188.33, Apr: 201.17, May: 148.00, Jun: 176.67, Jul: 219.17, Aug: 186.00, Sep: 217.33 ( 31 )",,,
2022,30,17,3.6,"Metchie, John (HOU, WR, Age: 22) (R30)",186.83,186.83,185.75,"167, 171, 182, 190, 200, 211 (6)","Feb: 159.67, Mar: 131.67, Apr: 145.17, May: 116.17, Jun: 117.33, Jul: 176.83, Aug: 186.83, Sep: 187.50",,,
2022,31,1,3.7,"Pickett, Kenny (PIT, QB, Age: 24) (R31)",187.83,187.83,195,"126, 167, 192, 201, 220, 221 (6)","Feb: 210.17, Mar: 208.33, Apr: 196.67, May: 198.83, Jun: 196.67, Jul: 180.33, Aug: 187.83, Sep: 216.67 ( 29 )",,,
2022,32,2,3.8,"Willis, Malik (TEN, QB, Age: 23) (R32)",195.67,195.67,193.75,"163, 163, 165, 214, 233, 236 (6)","Feb: 162.17, Mar: 139.50, Apr: 147.33, May: 218.50, Jun: 205.17, Jul: 221.83, Aug: 195.67, Sep: 225.67 ( 30 )",,,
2022,33,2,3.9,"Likely, Isaiah (BAL, TE, Age: 22) (R33)",197.83,189.2,193,"155, 176, 199, 204, 212 (5)","Feb: 238.67, Mar: 217.67, Apr: 227.17, Jun: 228.33, Aug: 197.83, Sep: 229.67 ( 32 )",,,
2022,34,13,3.1,"Haskins, Hassan (TEN, RB, Age: 22) (R34)",201.67,201.67,198,"181, 184, 195, 203, 210, 237 (6)","Feb: 224.67, Mar: 239.00, May: 192.83, Jun: 168.33, Jul: 198.00, Aug: 201.67, Sep: 236.50 ( 35 )",,,
2022,35,3,3.11,"Dulcich, Greg (DEN, TE, Age: 22) (R35)",203.5,203.5,199.5,"183, 194, 196, 202, 206, 240 (6)","Feb: 238.33, Mar: 232.50, Apr: 219.67, May: 200.00, Jun: 196.67, Jul: 211.17, Aug: 203.50, Sep: 231.67 ( 28 )",,,
2022,36,18,3.12,"Gray, Danny (SFO, WR, Age: 23) (R36)",207,207,208.5,"170, 196, 197, 213, 228, 238 (6)","Apr: 240.17, May: 228.50, Jun: 230.00, Jul: 238.00, Aug: 207.00, Sep: 236.67 ( 30 )",,,
2022,37,14,4.1,"Ingram, Keaontay (ARI, RB, Age: 22) (R37)",208.33,192,192,"165, 169, 217, 217 (4)","Feb: 235.00, May: 180.17, Jun: 183.17, Jul: 212.00, Aug: 208.33, Sep: 231.17 ( 23 )",,,
2022,38,4,4.2,"Bellinger, Daniel (NYG, TE, Age: 21) (R38)",208.67,202.2,195.67,"189, 190, 191, 206, 235 (5)","May: 233.50, Jun: 230.67, Aug: 208.67 ( 32 )",,,
2022,39,19,4.3,"Jones, Velus (CHI, WR, Age: 25) (R39)",212.67,212.67,212.5,"194, 198, 199, 221, 232, 232 (6)","Mar: 240.67, May: 181.33, Jun: 203.33, Jul: 232.50, Aug: 212.67, Sep: 234.67 ( 22 )",,,
2022,40,15,4.4,"Williams, Kyren (LAR, RB, Age: 22) (R40)",215.83,210.8,210.33,"186, 200, 213, 218, 237 (5)","Feb: 103.50, Mar: 182.67, Apr: 177.50, May: 216.50, Jun: 204.00, Jul: 240.83, Aug: 215.83, Sep: 230.67 ( 15 )",,,
2022,41,16,4.5,"Ford, Jerome (CLE, RB, Age: 22) (R41)",215.83,203.25,203.25,"187, 192, 211, 223 (4)","Feb: 184.67, Mar: 186.50, Apr: 176.83, May: 213.67, Jun: 212.83, Jul: 240.33, Aug: 215.83, Sep: 222.67",,,
2022,42,3,4.6,"Ridder, Desmond (ATL, QB, Age: 23) (R42)",220.33,199.67,199.67,"176, 200, 223 (3)","Feb: 236.83, Mar: 223.17, Apr: 203.33, May: 232.00, Jun: 224.17, Aug: 220.33, Sep: 234.33 ( 14 )",,,
2022,43,20,4.7,"Austin III, Calvin (PIT, WR, Age: 23) (R43)",220.67,216.6,218.67,"196, 208, 221, 227, 231 (5)","Feb: 232.50, Mar: 189.83, Apr: 207.17, May: 207.50, Jun: 202.00, Jul: 236.00, Aug: 220.67 ( 20 )",,,
2022,44,17,4.8,"Warren, Jaylen (PIT, RB, Age: 23) (R44)",222.5,218.8,222,"188, 219, 222, 225, 240 (5)","Aug: 222.50, Sep: 230.17",,,
2022,45,5,4.9,"Woods, Jelani (IND, TE, Age: 23) (R45)",225.33,222.2,233.33,"174, 232, 233, 235, 237 (5)","Apr: 236.17, May: 181.83, Jun: 205.33, Jul: 221.00, Aug: 225.33, Sep: 235.50",,,
2022,46,21,4.1,"Philips, Kyle (TEN, WR, Age: 23) (R46)",226.67,219.5,219.5,"213, 215, 224, 226 (4)","May: 239.00, Jun: 229.83, Aug: 226.67 ( 14 )",,,
2022,47,4,4.11,"Howell, Sam (WAS, QB, Age: 21) (R47)",227.33,200,200,"198, 202 (2)","Feb: 228.17, Mar: 233.50, Apr: 234.50, Jun: 239.17, Aug: 227.33 ( 14 )",,,
2022,48,22,4.12,"Ross, Justyn (KCC, WR, Age: 22) (R48)",228.33,215.67,215.67,"187, 221, 239 (3)","Feb: 178.50, Mar: 195.00, Apr: 186.33, May: 186.67, Jun: 184.83, Jul: 215.83, Aug: 228.33 ( 13 )",,,
2022,49,18,5.1,"Badie, Tyler (BAL, RB, Age: 22) (R49)",228.83,222.75,222.75,"214, 215, 224, 238 (4)","Feb: 220.33, Mar: 203.00, Apr: 189.83, May: 229.83, Jun: 224.50, Jul: 237.50, Aug: 228.83 ( 12 )",,,
2022,50,19,5.2,"Conner, Snoop (JAC, RB, Age: 22) (R50)",231.17,221.33,221.33,"212, 217, 235 (3)","May: 234.00, Jun: 223.00, Aug: 231.17",,,
2022,51,6,5.3,"Otton, Cade (TBB, TE, Age: 23) (R51)",233.5,226,226,"216, 223, 239 (3)","Jun: 232.00, Jul: 238.00, Aug: 233.50, Sep: 226.67",,,
2022,52,20,5.4,"Chandler, Ty (MIN, RB, Age: 24) (R52)",234.83,222.5,222.5,"221, 224 (2)","Mar: 223.33, Apr: 229.83, May: 240.50, Jun: 234.33, Aug: 234.83, Sep: 228.67",,,
2022,53,21,5.5,"Ebner, Trestan (CHI, RB, Age: 23) (R53)",236.17,231.33,231.33,"230, 230, 234 (3)",Aug: 236.17,,,
2022,54,5,5.6,"Corral, Matt (CAR, QB, Age: 23) (R54)",237.83,222,222,222 (1),"Feb: 207.33, Mar: 196.33, Apr: 208.83, May: 238.50, Jun: 240.83, Aug: 237.83",,,
2022,55,7,5.7,"Okonkwo, Chigoziem (TEN, TE, Age: 22) (R55)",239.17,230,230,230 (1),Aug: 239.17,,,
2022,56,22,5.8,"Smith, Abram (NOS, RB) (R56)",239.67,233,233,233 (1),"Feb: 239.33, Jun: 240.67, Aug: 239.67",,,
2022,57,6,5.9,"Coan, Jack (IND, QB, Age: 23) (R57)",239.83,234,234,234 (1),"Jun: 233.50, Jul: 235.50, Aug: 239.83",,,
2022,58,23,5.1,"Durant, Mataeo (PIT, RB, Age: 22) (R58)",240.83,240,240,240 (1),Aug: 240.83,,,
2023,1,1,1.1,"Robinson, Bijan (ATL, RB, Age: 21) (R1)",3.83,3.83,3.25,"3, 3, 3, 3, 4, 7 (6)","Feb: 5.50, Mar: 5.17, Apr: 4.50, May: 4.17, Jun: 4.33, Jul: 4.00, Aug: 3.83, Sep: 4.00, Oct: 3.75, Nov: 5.25",,,
2023,2,2,1.2,"Gibbs, Jahmyr (DET, RB, Age: 21) (R2)",14.83,14.83,15,"11, 13, 14, 16, 17, 18 (6)","Feb: 38.33, Mar: 38.83, Apr: 31.50, May: 15.67, Jun: 19.00, Jul: 15.33, Aug: 14.83, Sep: 12.67, Oct: 19.00, Nov: 14.00",,,
2023,3,1,1.3,"Smith-Njigba, Jaxon (SEA, WR) (R3)",28.83,28.83,29.5,"16, 24, 28, 33, 33, 39 (6)","Feb: 32.50, Mar: 29.67, Apr: 28.33, May: 25.67, Jun: 28.00, Jul: 24.33, Aug: 28.83, Sep: 16.67, Oct: 29.75, Nov: 34.25",,,
2023,4,2,1.4,"Addison, Jordan (MIN, WR) (R4)",41.5,41.5,38.25,"35, 36, 37, 39, 41, 61 (6)","Feb: 47.67, Mar: 45.83, Apr: 50.83, May: 46.50, Jun: 48.83, Jul: 44.17, Aug: 41.50, Sep: 43.33, Oct: 19.75, Nov: 18.25",,,
2023,5,3,1.5,"Johnston, Quentin (LAC, WR) (R5)",56.83,56.83,57.5,"40, 48, 56, 57, 69, 71 (6)","Feb: 48.67, Mar: 52.00, Apr: 52.17, May: 55.00, Jun: 63.17, Jul: 48.50, Aug: 56.83, Sep: 65.67, Oct: 84.00, Nov: 80.25",,,
2023,6,4,1.6,"Flowers, Zay (BAL, WR) (R6)",59.83,59.83,62.5,"37, 45, 68, 68, 69, 72 (6)","Feb: 102.33, Mar: 78.83, Apr: 69.67, May: 59.67, Jun: 69.17, Jul: 62.67, Aug: 59.83, Sep: 52.00, Oct: 33.50, Nov: 37.25",,,
2023,7,3,1.7,"Charbonnet, Zach (SEA, RB) (R7)",74.67,74.67,76.5,"61, 73, 76, 78, 79, 81 (6)","Feb: 82.83, Mar: 68.33, Apr: 58.00, May: 80.00, Jun: 82.83, Jul: 73.17, Aug: 74.67, Sep: 66.33, Oct: 69.75, Nov: 71.50",,,
2023,8,1,1.8,"Kincaid, Dalton (BUF, TE) (R8)",78.83,78.83,83.5,"46, 78, 81, 87, 88, 93 (6)","Feb: 153.33, Mar: 130.33, Apr: 109.83, May: 83.33, Jun: 95.17, Jul: 76.83, Aug: 78.83, Sep: 85.67, Oct: 76.50, Nov: 57.00 ( 19 )",,,
2023,9,4,1.9,"Achane, Devon (MIA, RB) (R9)",82.67,82.67,84,"60, 65, 83, 92, 96, 100 (6)","Feb: 110.17, Mar: 114.33, Apr: 97.17, May: 83.17, Jun: 93.00, Jul: 80.17, Aug: 82.67, Sep: 104.00, Oct: 35.75, Nov: 24.25",,,
2023,10,1,1.1,"Richardson, Anthony (IND, QB, Age: 21) (R10)",83.33,83.33,82.5,"72, 76, 83, 84, 87, 98 (6)","Feb: 151.17, Mar: 110.83, Apr: 111.00, May: 80.33, Jun: 76.83, Jul: 79.83, Aug: 83.33, Sep: 86.83, Oct: 71.75, Nov: 62.50",,,
2023,11,5,1.11,"Miller, Kendre (NOS, RB) (R11)",98.33,98.33,100,"85, 95, 96, 104, 105, 105 (6)","Feb: 122.50, Mar: 123.17, Apr: 124.00, May: 91.00, Jun: 96.00, Jul: 86.50, Aug: 98.33, Sep: 108.00, Oct: 102.75, Nov: 103.50",,,
2023,12,2,1.12,"LaPorta, Sam (DET, TE) (R12)",100.5,100.5,101,"85, 91, 104, 104, 105, 114 (6)","Feb: 237.17, Mar: 205.50, Apr: 169.83, May: 107.83, Jun: 101.17, Jul: 117.83, Aug: 100.50, Sep: 111.33, Oct: 48.25, Nov: 30.75 ( 17 )",,,
2023,13,6,2.1,"Bigsby, Tank (JAC, RB) (R13)",108,108,109.75,"85, 99, 112, 113, 115, 124 (6)","Feb: 123.67, Mar: 138.83, Apr: 125.00, May: 125.50, Jun: 129.00, Jul: 111.33, Aug: 108.00, Sep: 104.33, Oct: 109.50, Nov: 134.75 ( 25 )",,,
2023,14,7,2.2,"Johnson, Roschon (CHI, RB) (R14)",116.67,116.67,115.25,"108, 109, 110, 118, 124, 131 (6)","Feb: 141.83, Mar: 131.17, Apr: 126.17, May: 106.67, Jun: 108.33, Jul: 112.67, Aug: 116.67, Sep: 126.83, Oct: 93.50, Nov: 105.00",,,
2023,15,5,2.3,"Mingo, Jonathan (CAR, WR) (R15)",116.83,116.83,116,"101, 102, 116, 119, 127, 136 (6)","Mar: 234.33, Apr: 153.33, May: 92.33, Jun: 108.67, Jul: 110.17, Aug: 116.83, Sep: 116.50, Oct: 124.50, Nov: 122.75",,,
2023,16,6,2.4,"Rice, Rashee (KCC, WR) (R16)",121.17,121.17,121.25,"100, 112, 114, 125, 134, 142 (6)","Feb: 149.17, Mar: 138.00, Apr: 140.33, May: 96.33, Jun: 119.67, Jul: 122.67, Aug: 121.17, Sep: 120.17, Oct: 100.50, Nov: 59.75 ( 41 )",,,
2023,17,2,2.5,"Young, Bryce (CAR, QB, Age: 22) (R17)",123.17,123.17,127.25,"87, 123, 123, 130, 133, 143 (6)","Feb: 139.67, Mar: 125.50, Apr: 121.33, May: 113.33, Jun: 102.33, Jul: 115.00, Aug: 123.17, Sep: 130.67, Oct: 141.00, Nov: 127.75 ( 13 )",,,
2023,18,8,2.6,"Spears, Tyjae (TEN, RB) (R18)",126.67,126.67,127.25,"110, 119, 129, 130, 131, 141 (6)","Feb: 135.00, Mar: 113.17, Apr: 100.33, May: 107.00, Jun: 127.33, Jul: 116.33, Aug: 126.67, Sep: 107.33, Oct: 90.25, Nov: 71.25 ( 19 )",,,
2023,19,3,2.7,"Mayer, Michael (LVR, TE) (R19)",127,127,127.75,"112, 121, 123, 132, 135, 139 (6)","Feb: 120.17, Mar: 134.00, Apr: 126.50, May: 108.83, Jun: 117.67, Jul: 127.00, Aug: 127.00, Sep: 132.50, Oct: 162.25, Nov: 108.75 ( 53 )",,,
2023,20,7,2.8,"Mims, Marvin (DEN, WR) (R20)",127.67,127.67,126.25,"120, 120, 126, 128, 131, 141 (6)","Feb: 152.17, Mar: 136.00, Apr: 118.50, May: 105.17, Jun: 110.17, Jul: 108.67, Aug: 127.67, Sep: 109.33, Oct: 63.75, Nov: 110.00 ( 46 )",,,
2023,21,8,2.9,"Reed, Jayden (GBP, WR) (R21)",129.67,129.67,130.5,"112, 121, 123, 136, 142, 144 (6)","Feb: 217.83, Mar: 229.33, Apr: 215.00, May: 103.83, Jun: 119.00, Jul: 117.00, Aug: 129.67, Sep: 116.67, Oct: 86.50, Nov: 92.50",,,
2023,22,9,2.1,"Downs, Josh (IND, WR) (R22)",131.83,131.83,133,"113, 129, 131, 136, 136, 146 (6)","Feb: 102.50, Mar: 87.00, Apr: 87.17, May: 108.33, Jun: 127.00, Jul: 133.00, Aug: 131.83, Sep: 130.50, Oct: 113.00, Nov: 53.25 ( 60 )",,,
2023,23,3,2.11,"Stroud, C.J. (HOU, QB, Age: 22) (R23)",135.5,135.5,135.5,"126, 127, 133, 137, 145, 145 (6)","Feb: 135.83, Mar: 117.33, Apr: 111.83, May: 127.17, Jun: 119.00, Jul: 124.67, Aug: 135.50, Sep: 141.83, Oct: 86.50, Nov: 75.00",,,
2023,24,10,2.12,"Hyatt, Jalin (NYG, WR) (R24)",140.17,140.17,138.75,"121, 127, 130, 144, 154, 165 (6)","Feb: 103.83, Mar: 99.00, Apr: 96.67, May: 127.33, Jun: 148.67, Jul: 156.67, Aug: 140.17, Sep: 143.33, Oct: 147.25, Nov: 146.25",,,
2023,25,11,3.1,"Tillman, Cedric (CLE, WR) (R25)",144.83,144.83,140.75,"121, 126, 128, 148, 161, 185 (6)","Feb: 170.67, Mar: 189.33, Apr: 108.67, May: 131.17, Jun: 167.00, Jul: 150.83, Aug: 144.83, Sep: 133.83, Oct: 180.50, Nov: 165.50 ( 15 )",,,
2023,26,4,3.2,"Musgrave, Luke (GBP, TE) (R26)",145.33,145.33,148,"111, 140, 145, 151, 156, 169 (6)","Feb: 204.00, Mar: 167.33, Apr: 185.00, May: 151.17, Jun: 133.67, Jul: 153.33, Aug: 145.33, Sep: 131.83, Oct: 102.50, Nov: 101.00",,,
2023,27,12,3.3,"Wilson, Michael (ARI, WR) (R27)",162.83,162.83,160,"148, 153, 154, 164, 169, 189 (6)","Feb: 237.67, Mar: 236.00, Apr: 240.00, May: 183.83, Jun: 171.67, Jul: 181.83, Aug: 162.83, Sep: 146.00, Oct: 101.50, Nov: 106.25",,,
2023,28,9,3.4,"Brown, Chase (CIN, RB) (R28)",167.5,167.5,167.25,"145, 152, 153, 178, 186, 191 (6)","Feb: 200.00, Mar: 165.50, Apr: 169.67, May: 144.67, Jun: 152.50, Jul: 164.17, Aug: 167.50, Sep: 187.83, Oct: 199.50, Nov: 210.75",,,
2023,29,10,3.5,"Abanikanda, Israel (NYJ, RB) (R29)",171.17,171.17,170.25,"146, 152, 158, 179, 192, 200 (6)","Feb: 155.00, Mar: 149.83, Apr: 124.50, May: 144.33, Jun: 159.83, Jul: 148.50, Aug: 171.17, Sep: 187.00, Oct: 205.25, Nov: 205.00",,,
2023,30,13,3.6,"Dell, Nathaniel (HOU, WR) (R30)",177.5,177.5,169.75,"150, 159, 168, 172, 180, 236 (6)","Feb: 224.00, Mar: 205.17, Apr: 209.00, May: 133.50, Jun: 164.00, Jul: 177.00, Aug: 177.50, Sep: 135.17, Oct: 71.25, Nov: 80.50",,,
2023,31,11,3.7,"Evans, Zach (LAR, RB) (R31)",177.5,177.5,179.25,"142, 159, 170, 182, 206, 206 (6)","Feb: 91.17, Mar: 137.83, Apr: 145.00, May: 159.00, Jun: 185.50, Jul: 205.33, Aug: 177.50, Sep: 205.33, Oct: 187.50, Nov: 235.00 ( 48 )",,,
2023,32,12,3.8,"McBride, DeWayne (MIN, RB) (R32)",184.67,184.67,183.25,"168, 168, 182, 183, 200, 207 (6)","Feb: 202.67, Mar: 180.67, Apr: 171.00, May: 203.00, Jun: 203.83, Jul: 198.83, Aug: 184.67, Sep: 236.83",,,
2023,33,14,3.9,"Nacua, Puka (LAR, WR) (R33)",185.17,185.17,187.25,"151, 181, 185, 187, 196, 211 (6)","Feb: 224.83, Apr: 226.33, May: 223.00, Jun: 174.00, Jul: 176.00, Aug: 185.17, Sep: 169.33, Oct: 28.00, Nov: 23.00",,,
2023,34,5,3.1,"Schoonmaker, Luke (DAL, TE) (R34)",187.5,187.5,187,"160, 178, 187, 190, 193, 217 (6)","Apr: 227.50, May: 173.83, Jun: 153.17, Jul: 194.67, Aug: 187.50, Sep: 180.67, Oct: 220.25, Nov: 235.50 ( 15 )",,,
2023,35,13,3.11,"Hull, Evan (IND, RB) (R35)",195.5,195.5,194.75,"175, 184, 188, 196, 211, 219 (6)","Feb: 216.83, Mar: 196.33, Apr: 185.33, May: 208.00, Jun: 220.50, Jul: 219.00, Aug: 195.50, Sep: 188.33, Oct: 211.25 ( 30 )",,,
2023,36,14,3.12,"Tucker, Sean (TBB, RB) (R36)",200.17,200.17,203,"166, 170, 205, 217, 220, 223 (6)","Feb: 113.67, Mar: 130.33, Apr: 141.00, May: 194.50, Jun: 216.50, Jul: 191.83, Aug: 200.17, Sep: 159.83, Oct: 152.25, Nov: 190.75 ( 39 )",,,
2023,37,15,4.1,"Boutte, Kayshon (NEP, WR) (R37)",205,187,187,"163, 178, 193, 214 (4)","Feb: 94.67, Mar: 129.17, Apr: 161.00, May: 160.00, Jun: 210.17, Jul: 234.17, Aug: 205.00, Sep: 182.67, Nov: 220.00 ( 21 )",,,
2023,38,6,4.2,"Washington, Darnell (PIT, TE) (R38)",205,205,205,"192, 201, 202, 207, 210, 218 (6)","Feb: 198.50, Mar: 167.50, Apr: 146.83, May: 205.33, Jun: 221.67, Jul: 221.83, Aug: 205.00, Sep: 177.83, Oct: 216.25, Nov: 230.50 ( 14 )",,,
2023,39,15,4.3,"Vaughn, Deuce (DAL, RB) (R39)",213.67,208.2,209,"193, 198, 213, 216, 221 (5)","Feb: 185.67, Mar: 200.33, Apr: 181.17, May: 210.00, Jun: 210.50, Jul: 221.50, Aug: 213.67, Sep: 189.67, Oct: 197.25, Nov: 213.50 ( 16 )",,,
2023,40,4,4.4,"Levis, Will (TEN, QB) (R40)",214.17,208.8,209.67,"183, 197, 204, 228, 232 (5)","Feb: 184.00, Mar: 182.17, Apr: 192.00, May: 196.00, Jun: 216.00, Jul: 212.50, Aug: 214.17, Sep: 221.33, Nov: 133.75 ( 107 )",,,
2023,41,16,4.5,"Rodriguez, Chris (WAS, RB) (R41)",219.83,209.25,209.25,"182, 215, 218, 222 (4)","Feb: 239.33, May: 223.83, Jun: 214.00, Jul: 234.17, Aug: 219.83, Sep: 205.83, Oct: 202.75, Nov: 192.25",,,
2023,42,17,4.6,"Gray, Eric (NYG, RB) (R42)",228.17,221.75,221.75,"207, 219, 227, 234 (4)","Feb: 207.67, Mar: 200.33, Apr: 195.50, May: 194.50, Jun: 204.83, Jul: 197.83, Aug: 228.17, Sep: 225.83, Oct: 227.25, Nov: 233.75",,,
2023,43,18,4.7,"McIntosh, Kenny (SEA, RB) (R43)",229,223,223,"205, 223, 226, 238 (4)","Feb: 156.67, Mar: 198.00, Apr: 218.67, May: 237.33, Jul: 238.17, Aug: 229.00, Sep: 237.00, Nov: 233.00",,,
2023,44,5,4.8,"Hooker, Hendon (DET, QB) (R44)",229.17,205.5,205.5,"201, 210 (2)","Mar: 237.50, Apr: 232.33, May: 222.67, Jul: 237.83, Aug: 229.17, Sep: 236.00, Nov: 236.25",,,
2023,45,16,4.9,"Douglas, Demario (NEP, WR) (R45)",233.17,217.5,217.5,"204, 231 (2)","Aug: 233.17, Sep: 222.50, Oct: 204.00, Nov: 126.25 ( 78 )",,,
2023,46,17,4.1,"Jones, Charlie (CIN, WR) (R46)",234,220,220,"210, 230 (2)","Apr: 238.83, May: 218.17, Jun: 236.17, Jul: 238.17, Aug: 234.00, Oct: 234.00, Nov: 240.25",,,
2023,47,18,4.11,"Hutchinson, Xavier (HOU, WR) (R47)",234.83,231.75,231.75,"226, 230, 235, 236 (4)","Feb: 210.67, Mar: 231.00, Apr: 167.00, May: 204.83, Jun: 232.00, Jul: 235.50, Aug: 234.83, Sep: 237.33",,,
2023,48,19,4.12,"Scott, Tyler (CHI, WR) (R48)",235.33,224,224,"216, 232 (2)","Feb: 231.83, Mar: 236.67, Apr: 191.00, May: 172.50, Jun: 226.33, Jul: 236.17, Aug: 235.33, Sep: 221.67, Nov: 217.25 ( 24 )",,,
2023,49,7,5.1,"Kraft, Tucker (GBP, TE) (R49)",236.33,231.67,231.67,"217, 238, 240 (3)","Feb: 231.83, Mar: 239.00, Apr: 230.83, May: 207.00, Jun: 214.33, Jul: 217.33, Aug: 236.33, Sep: 210.33, Oct: 226.25 ( 15 )",,,
2023,50,20,5.2,"Perry, A.T. (NOS, WR) (R50)",238.17,224,224,224 (1),"Feb: 228.33, Mar: 231.67, Apr: 209.83, May: 174.50, Jun: 226.17, Jul: 230.00, Aug: 238.17, Sep: 208.33, Nov: 238.00",,,
2023,51,19,5.3,"Ibrahim, Mohamed (DET, RB) (R51)",238.83,228,228,228 (1),"Feb: 205.83, Mar: 206.50, Apr: 222.83, Aug: 238.83",,,
2023,52,20,5.4,"Nichols, Lew (GBP, RB) (R52)",238.83,228,228,228 (1),"Jun: 235.50, Aug: 238.83",,,